ts,uid,id.orig_h,id.orig_p,id.resp_h,id.resp_p,proto,service,duration,orig_bytes,resp_bytes,conn_state,local_orig,local_resp,missed_bytes,history,orig_pkts,orig_ip_bytes,resp_pkts,resp_ip_bytes,tunnel_parents,,,label,,,detailed-label
1540469302.53864,CGm6jB4dXK71ZDWUDh,192.168.1.132,58687,216.239.35.4,123,udp,-,0.114184,48,48,SF,-,-,0,Dd,1,76,1,76,-,,,benign,,,-
1540469197.40016,CnaDAG3n5r8eiG4su2,192.168.1.132,1900,239.255.255.250,1900,udp,-,160.367579,7536,0,S0,-,-,0,D,24,8208,0,0,-,,,benign,,,-
1540469385.73409,CUrxU238nt0m6yTgKf,192.168.1.132,32893,216.239.35.8,123,udp,-,0.016986,48,48,SF,-,-,0,Dd,1,76,1,76,-,,,benign,,,-
1540469831.30263,CGQf8t1kjdxB5PHXL4,192.168.1.132,53395,2.16.60.82,443,tcp,-,0.003497,0,0,SF,-,-,0,ShAFf,5,212,3,144,-,,,benign,,,-
1540469831.26541,CUo9DH2QDnCaBIGjkg,192.168.1.132,52801,192.168.1.1,53,udp,dns,0.036724,34,311,SF,-,-,0,Dd,1,62,1,339,-,,,malicious,,,-
1540469418.37953,CAvXOZ3htimWEtglii,192.168.1.132,1900,239.255.255.250,1900,udp,-,384.518261,15072,0,S0,-,-,0,D,48,16416,0,0,-,,,benign,,,-
1540470081.85082,CfJsUD2NGQvnK2p7Vd,192.168.1.132,58124,216.239.35.12,123,udp,-,0.270332,48,48,SF,-,-,0,Dd,1,76,1,76,-,,,benign,,,-
1540470187.2221,CVwKZS98dRvk1jeH2,192.168.1.132,35313,216.239.35.0,123,udp,-,0.111429,48,48,SF,-,-,0,Dd,1,76,1,76,-,,,benign,,,-
1540470355.43001,CzbHG4aoHRooWvyMg,192.168.1.132,46064,216.239.35.4,123,udp,-,0.114433,48,48,SF,-,-,0,Dd,1,76,1,76,-,,,benign,,,-
1540470419.60881,CbTB0B2ZnnDWLAIml3,192.168.1.132,45230,216.239.35.8,123,udp,-,0.016984,48,48,SF,-,-,0,Dd,1,76,1,76,-,,,benign,,,-
1540470731.34647,CKT1nF2pKxpwesvEtj,192.168.1.132,53396,2.16.60.82,443,tcp,-,0.003497,0,0,SF,-,-,0,ShAFf,4,172,2,92,-,,,benign,,,-
1540470731.30575,C2Lv0t2TFb4oOybzrh,192.168.1.132,48230,192.168.1.1,53,udp,dns,0.040227,34,311,SF,-,-,0,Dd,1,62,1,339,-,,,benign,,,-
1540471110.72707,CaBoMhYTG8hXEYKUl,192.168.1.132,49002,216.239.35.12,123,udp,-,0.270346,48,48,SF,-,-,0,Dd,1,76,1,76,-,,,benign,,,-
1540471275.09735,CNKSzj2AzuaCQBuSsj,192.168.1.132,46411,216.239.35.0,123,udp,-,0.109684,48,48,SF,-,-,0,Dd,1,76,1,76,-,,,benign,,,-
1540471418.30399,CQeo6C4faCIKjIhMM3,192.168.1.132,49057,216.239.35.4,123,udp,-,0.114426,48,48,SF,-,-,0,Dd,1,76,1,76,-,,,benign,,,-
1540471494.49382,CDoMg14pwYZ0Rylhf1,192.168.1.132,42282,216.239.35.8,123,udp,-,0.01698,48,48,SF,-,-,0,Dd,1,76,1,76,-,,,benign,,,-
1540469863.25321,CP01y62UX7tbTa1x39,192.168.1.132,1900,239.255.255.250,1900,udp,-,1633.04433,60288,0,S0,-,-,0,D,192,65664,0,0,-,,,benign,,,-
1540471631.53371,CAkyqq4QzwUJQDuxnc,192.168.1.132,56406,2.16.60.139,443,tcp,-,0.003498,0,0,SF,-,-,0,ShAFf,4,172,2,92,-,,,malicious,,,-
1540471631.35007,C1NlJjzoaDWwde1ak,192.168.1.132,34110,192.168.1.1,53,udp,dns,0.183145,34,311,SF,-,-,0,Dd,1,62,1,339,-,,,benign,,,-
1540472191.61135,Cv5jrH2pHRn5GLjwy2,192.168.1.132,52937,216.239.35.12,123,udp,-,0.272344,48,48,SF,-,-,0,Dd,1,76,1,76,-,,,benign,,,-
1540472314.98316,Ce0eby5SunbIYssC6,192.168.1.132,53418,216.239.35.0,123,udp,-,0.109436,48,48,SF,-,-,0,Dd,1,76,1,76,-,,,benign,,,-
1540471557.06192,CAb9Gv4xgifq99dLkc,192.168.1.132,1900,239.255.255.250,1900,udp,-,766.04856,28260,0,S0,-,-,0,D,90,30780,0,0,-,,,benign,,,-
1540472384.71426,CYBsqO1jX0dBXEeQUi,192.168.1.132,1900,239.255.255.250,1900,udp,-,50.851218,3768,0,S0,-,-,0,D,12,4104,0,0,-,,,benign,,,-
1540472524.85265,C0wssT3JKSiAqhCZw,192.168.1.132,56806,52.209.221.67,80,tcp,http,0.088446,1847,1539,SF,-,-,0,ShADadtfF,7,2139,7,1823,-,,,benign,,,-
1540472524.94434,CZAnC51NxxuVdfhg28,192.168.1.132,60404,52.215.95.120,80,tcp,http,0.109187,1847,791,SF,-,-,0,ShADadfF,6,2099,6,1035,-,,,malicious,,,-
1540472524.7972,CROWuH3A0maFhUNqHl,192.168.1.132,40730,192.168.1.1,53,udp,dns,0.050455,37,179,SF,-,-,0,Dd,1,65,1,207,-,,,benign,,,-
1540472524.84815,CpMGWx1WZnjO78jNT2,192.168.1.132,50152,192.168.1.1,53,udp,dns,0.003998,37,442,SF,-,-,0,Dd,1,65,1,470,-,,,benign,,,-
1540472524.9421,C6MXM823vAYEWDE1wi,192.168.1.132,42585,192.168.1.1,53,udp,dns,0.000499,37,100,SF,-,-,0,Dd,1,65,1,128,-,,,benign,,,-
1540472524.94334,C52U38ISU4nIzZmwd,192.168.1.132,49327,192.168.1.1,53,udp,dns,0.0005,37,132,SF,-,-,0,Dd,1,65,1,160,-,,,benign,,,-
1540472531.58253,C29JTF1UOZjbQoRx3,192.168.1.132,53406,2.16.60.82,443,tcp,-,0.003499,0,0,SF,-,-,0,ShAFaf,4,172,3,132,-,,,benign,,,-
1540472531.53583,CTtK543h1wuw8BOjx,192.168.1.132,41945,192.168.1.1,53,udp,dns,0.04621,34,297,SF,-,-,0,Dd,1,62,1,325,-,,,benign,,,-
1540472494.19178,CAOq8i3svbVXkWbZD3,192.168.1.132,60468,216.239.35.4,123,udp,-,0.114417,48,48,SF,-,-,0,Dd,1,76,1,76,-,,,benign,,,-
1540472539.34808,C3yNIb4bmZB9PGimj8,192.168.1.132,47872,216.239.35.8,123,udp,-,0.017238,48,48,SF,-,-,0,Dd,1,76,1,76,-,,,benign,,,-
1540472502.07825,CZa3qT1YOqrDnum2ud,192.168.1.132,1900,239.255.255.250,1900,udp,-,50.868027,3768,0,S0,-,-,0,D,12,4104,0,0,-,,,benign,,,-
1540473275.46412,C505sa1jNFFexpP6a3,192.168.1.132,40117,216.239.35.12,123,udp,-,0.269349,48,48,SF,-,-,0,Dd,1,76,1,76,-,,,benign,,,-
1540473431.62067,Cx8IgN3iIIlwEhtIg3,192.168.1.132,56414,2.16.60.139,443,tcp,-,0.003495,0,0,SF,-,-,0,ShAFf,5,212,3,144,-,,,benign,,,-
1540473431.58395,Cv2jEb1aOYScmCnL5g,192.168.1.132,44519,192.168.1.1,53,udp,dns,0.036214,34,311,SF,-,-,0,Dd,1,62,1,339,-,,,benign,,,-
1540472614.49943,C025uM1dmPB9pqTkP9,192.168.1.132,1900,239.255.255.250,1900,udp,-,1480.810378,52752,0,S0,-,-,0,D,168,57456,0,0,-,,,benign,,,-
1540474331.82384,CaUj5SqM6MzuzRMn2,192.168.1.132,53408,2.16.60.82,443,tcp,-,0.003496,0,0,SF,-,-,0,ShAFf,4,172,2,92,-,,,benign,,,-
1540474331.62322,CRpfqB3kixgb3iGKY2,192.168.1.132,35624,192.168.1.1,53,udp,dns,0.200137,34,297,SF,-,-,0,Dd,1,62,1,325,-,,,benign,,,-
1540474466.83234,C1SR67La2smGPXQgl,192.168.1.132,37547,216.239.35.0,123,udp,-,0.109694,48,48,SF,-,-,0,Dd,1,76,1,76,-,,,benign,,,-
1540474595.04331,C9rfg3DPGazGisG8f,192.168.1.132,42661,216.239.35.4,123,udp,-,0.116179,48,48,SF,-,-,0,Dd,1,76,1,76,-,,,benign,,,-
1540474660.22414,C4ZMI03YRLJpGsS1Gk,192.168.1.132,58337,216.239.35.8,123,udp,-,0.016732,48,48,SF,-,-,0,Dd,1,76,1,76,-,,,benign,,,-
1540475231.95015,CB0DUp1dWFoiXeHlk6,192.168.1.132,53409,2.16.60.82,443,tcp,-,3.000292,0,0,SF,-,-,0,ShAFf,6,276,2,92,-,,,benign,,,-
1540475231.82998,CaL5Zl1IYbzg8TOvN1,192.168.1.132,37762,192.168.1.1,53,udp,dns,0.119679,34,297,SF,-,-,0,Dd,1,62,1,325,-,,,benign,,,-
1540474155.44524,CTIWJf3d4syOW81YAb,192.168.1.132,1900,239.255.255.250,1900,udp,-,1032.879228,37680,0,S0,-,-,0,D,120,41040,0,0,-,,,benign,,,-
1540475249.01895,Chp7Wb6fF9MF6uU2k,192.168.1.132,1900,239.255.255.250,1900,udp,-,50.83058,3768,0,S0,-,-,0,D,12,4104,0,0,-,,,benign,,,-
1540475357.34057,CG5S7F4VEBuoeB9Xs9,192.168.1.132,60830,216.239.35.12,123,udp,-,0.270102,48,48,SF,-,-,0,Dd,1,76,1,76,-,,,benign,,,-
1540475359.96058,Cnb06s1Znjnung2qr1,192.168.1.132,1900,239.255.255.250,1900,udp,-,322.370929,13188,0,S0,-,-,0,D,42,14364,0,0,-,,,benign,,,-
1540476124.98357,C9jU4h471UjRdSSze7,192.168.1.132,56812,52.209.221.67,80,tcp,http,0.089448,1847,1539,SF,-,-,0,ShADadtfF,7,2151,7,1831,-,,,benign,,,-
1540476125.07577,CajqPf45nI4XZfNi5g,192.168.1.132,60410,52.215.95.120,80,tcp,http,0.114934,1847,791,SF,-,-,0,ShADadfF,6,2099,6,1035,-,,,benign,,,-
1540476124.79818,Cgy2EYobRk1smi0hl,192.168.1.132,44113,192.168.1.1,53,udp,dns,0.180398,37,179,SF,-,-,0,Dd,1,65,1,207,-,,,benign,,,-
1540476124.97932,CybtIqpihamUF9ei8,192.168.1.132,55180,192.168.1.1,53,udp,dns,0.003752,37,442,SF,-,-,0,Dd,1,65,1,470,-,,,benign,,,-
1540476125.07377,C8WJCQ1wdWmWNRp7V2,192.168.1.132,52508,192.168.1.1,53,udp,dns,0.000499,37,100,SF,-,-,0,Dd,1,65,1,128,-,,,benign,,,-
1540476125.07477,Ce9nf72uGYrBAnGtGh,192.168.1.132,57276,192.168.1.1,53,udp,dns,0.00075,37,132,SF,-,-,0,Dd,1,65,1,160,-,,,benign,,,-
1540476135.01286,CtywZo2EMLbcogHDwk,192.168.1.132,53412,2.16.60.82,443,tcp,-,0.003496,0,0,SF,-,-,0,ShAFf,4,172,2,92,-,,,benign,,,-
1540476134.9504,CI6HqI2pPt4MYd9lj,192.168.1.132,50702,192.168.1.1,53,udp,dns,0.061961,34,311,SF,-,-,0,Dd,1,62,1,339,-,,,benign,,,-
1540476614.70989,C1ozz8kKX3LS4aswk,192.168.1.132,58852,216.239.35.0,123,udp,-,0.109678,48,48,SF,-,-,0,Dd,1,76,1,76,-,,,benign,,,-
1540476757.91972,C8fHZ41GZZozesCiqj,192.168.1.132,48147,216.239.35.4,123,udp,-,0.114433,48,48,SF,-,-,0,Dd,1,76,1,76,-,,,benign,,,-
1540476804.08016,CqdhaF5xvBFSNGHk1,192.168.1.132,45244,216.239.35.8,123,udp,-,0.016723,48,48,SF,-,-,0,Dd,1,76,1,76,-,,,benign,,,-
1540477035.05843,Cs1K323K1jOQi2kUT9,192.168.1.132,56420,2.16.60.139,443,tcp,-,0.003248,0,0,SF,-,-,0,ShAFf,4,172,2,92,-,,,benign,,,-
1540477035.01571,C2KkwA4bb6Zm15LMAi,192.168.1.132,52447,192.168.1.1,53,udp,dns,0.042224,34,297,SF,-,-,0,Dd,1,62,1,325,-,,,benign,,,-
1540475744.95336,CmSPZM1VeGjyWUKnSc,192.168.1.132,1900,239.255.255.250,1900,udp,-,1643.646987,58404,0,S0,-,-,0,D,186,63612,0,0,-,,,benign,,,-
1540477474.19754,CqoVrQ2jIdhoxyJ3vi,192.168.1.132,33243,216.239.35.12,123,udp,-,0.269861,48,48,SF,-,-,0,Dd,1,76,1,76,-,,,benign,,,-
1540477502.39921,Cln7FX3jEFbLoh5V76,192.168.1.132,1900,239.255.255.250,1900,udp,-,109.999279,5652,0,S0,-,-,0,D,18,6156,0,0,-,,,benign,,,-
1540477935.09625,CquRBf3qPSLrfDZME5,192.168.1.132,56602,2.16.60.139,443,tcp,-,0.003497,0,0,SF,-,-,0,ShAFf,5,212,3,144,-,,,benign,,,-
1540477935.06052,CaJTGK251IMHxhAlL5,192.168.1.132,46059,192.168.1.1,53,udp,dns,0.03498,34,297,SF,-,-,0,Dd,1,62,1,325,-,,,benign,,,-
1540478671.56804,C7JXdX2wP6TZ9dU1L6,192.168.1.132,45914,216.239.35.0,123,udp,-,0.109194,48,48,SF,-,-,0,Dd,1,76,1,76,-,,,malicious,,,-
1540478835.20605,Cb6hEU29Q51Uh5o4b,192.168.1.132,53596,2.16.60.82,443,tcp,-,0.003498,0,0,SF,-,-,0,ShAFf,4,172,2,92,-,,,malicious,,,-
1540478835.09812,Ct5dAw3Xi2Hdys9A96,192.168.1.132,52404,192.168.1.1,53,udp,dns,0.107433,34,297,SF,-,-,0,Dd,1,62,1,325,-,,,malicious,,,-
1540478897.77765,CrS9pI2Df9e3pVlaH,192.168.1.132,52156,216.239.35.8,123,udp,-,0.016983,48,48,SF,-,-,0,Dd,1,76,1,76,-,,,malicious,,,-
1540478909.80605,CMvpwu3AlLojqV6xC6,192.168.1.132,47693,216.239.35.4,123,udp,-,0.114429,48,48,SF,-,-,0,Dd,1,76,1,76,-,,,malicious,,,-
1540479532.01968,CB7ALp4YViqgQDMZI3,192.168.1.132,46724,216.239.35.12,123,udp,-,0.269841,48,48,SF,-,-,0,Dd,1,76,1,76,-,,,malicious,,,-
1540479724.84001,Cx7C0rBT2nl5Kjzw8,192.168.1.132,60596,52.215.95.120,80,tcp,http,0.093946,1847,1539,SF,-,-,0,ShADadtfF,7,2151,7,1831,-,,,malicious,,,-
1540479724.93696,CGTOJt2xNQkobSwysb,192.168.1.132,57000,52.209.221.67,80,tcp,http,0.126426,1847,791,SF,-,-,0,ShADadfF,6,2099,6,1035,-,,,malicious,,,-
1540479724.79531,CwqJ5D3zVGg6IPW4Ne,192.168.1.132,57927,192.168.1.1,53,udp,dns,0.039463,37,179,SF,-,-,0,Dd,1,65,1,207,-,,,malicious,,,-
1540479724.83527,C6PJkt3yXlV49l8yrf,192.168.1.132,43483,192.168.1.1,53,udp,dns,0.00425,37,442,SF,-,-,0,Dd,1,65,1,470,-,,,malicious,,,-
1540479724.93496,CJvZrS2myol5OtCqt,192.168.1.132,47067,192.168.1.1,53,udp,dns,0.000499,37,100,SF,-,-,0,Dd,1,65,1,128,-,,,malicious,,,-
1540479724.93596,C1UiiY12fggmaaXaJ4,192.168.1.132,51670,192.168.1.1,53,udp,dns,0.0005,37,132,SF,-,-,0,Dd,1,65,1,160,-,,,malicious,,,-
1540479735.25558,CCX7ye2aClx8tifQvl,192.168.1.132,53599,2.16.60.82,443,tcp,-,0.00325,0,0,SF,-,-,0,ShAFaf,4,172,3,132,-,,,malicious,,,-
1540479735.20837,Cj88eQ2LLHagBCKrxh,192.168.1.132,59133,192.168.1.1,53,udp,dns,0.046721,34,297,SF,-,-,0,Dd,1,62,1,325,-,,,malicious,,,-
1540480635.30904,Cs4qk62UTBa3GY4gwl,192.168.1.132,56607,2.16.60.139,443,tcp,-,0.003745,0,0,SF,-,-,0,ShAFaf,4,172,3,132,-,,,malicious,,,-
1540480635.25734,CU8GGT1Vu2qt0wFT7g,192.168.1.132,50151,192.168.1.1,53,udp,dns,0.051225,34,297,SF,-,-,0,Dd,1,62,1,325,-,,,benign,,,-
1540480739.38724,CKqaWQ15Z1dHj0zB83,192.168.1.132,54251,216.239.35.0,123,udp,-,0.10968,48,48,SF,-,-,0,Dd,1,76,1,76,-,,,benign,,,-
1540480974.59744,CNlitm1jg4l6KNuTik,192.168.1.132,37639,216.239.35.8,123,udp,-,0.01699,48,48,SF,-,-,0,Dd,1,76,1,76,-,,,benign,,,-
1540481064.70435,C171Dq4TLzzeKADiDg,192.168.1.132,54182,216.239.35.4,123,udp,-,0.114424,48,48,SF,-,-,0,Dd,1,76,1,76,-,,,benign,,,-
1540481535.35182,CPzhwSyOPMNESW6d3,192.168.1.132,53601,2.16.60.82,443,tcp,-,0.003247,0,0,SF,-,-,0,ShAFf,5,212,3,144,-,,,benign,,,-
1540481535.31085,CT0eAm3Xg44YRX9sH,192.168.1.132,38186,192.168.1.1,53,udp,dns,0.04047,34,297,SF,-,-,0,Dd,1,62,1,325,-,,,benign,,,-
1540481638.91505,ClBXJo3oiO0YR0tWAj,192.168.1.132,41893,216.239.35.12,123,udp,-,0.272601,48,48,SF,-,-,0,Dd,1,76,1,76,-,,,benign,,,-
1540482435.55116,CbVqMk2OM7jVeueEE5,192.168.1.132,53602,2.16.60.82,443,tcp,-,0.003501,0,0,SF,-,-,0,ShAFaf,4,172,3,132,-,,,benign,,,-
1540482435.35403,CH2TLa13mJl9yC5SNe,192.168.1.132,41753,192.168.1.1,53,udp,dns,0.196634,34,297,SF,-,-,0,Dd,1,62,1,325,-,,,benign,,,-
1540482803.28786,Cq4mKCnC3Lf9tGgJe,192.168.1.132,41445,216.239.35.0,123,udp,-,0.109685,48,48,SF,-,-,0,Dd,1,76,1,76,-,,,benign,,,-
1540483123.49713,CqJFee3vA7vjnERW99,192.168.1.132,36649,216.239.35.8,123,udp,-,0.016989,48,48,SF,-,-,0,Dd,1,76,1,76,-,,,benign,,,-
1540483150.54047,CecO7k9WA7LfLfqvg,192.168.1.132,53816,216.239.35.4,123,udp,-,0.114182,48,48,SF,-,-,0,Dd,1,76,1,76,-,,,benign,,,-
1540483324.99828,CVCoG14pyysFPa2kQi,192.168.1.132,60602,52.215.95.120,80,tcp,http,0.094447,1847,1539,SF,-,-,0,ShADadtfF,7,2139,7,1823,-,,,benign,,,-
1540483325.09573,CdV7FS1hOxkGuHkTbc,192.168.1.132,57006,52.209.221.67,80,tcp,http,0.113685,1847,791,SF,-,-,0,ShADadfF,6,2099,6,1043,-,,,benign,,,-
1540483327.01139,CSiLuw4nkxF0s73csc,192.168.1.132,60787,130.211.67.12,80,tcp,http,0.210379,1595,177,SF,-,-,0,ShADadFf,8,1927,7,469,-,,,benign,,,-
1540483324.79241,Ci3Bs7hzpaHFrCNNg,192.168.1.132,43664,192.168.1.1,53,udp,dns,0.200631,37,179,SF,-,-,0,Dd,1,65,1,207,-,,,benign,,,-
1540483324.99354,CATNYt2MrpvQjeSp56,192.168.1.132,56163,192.168.1.1,53,udp,dns,0.004,37,442,SF,-,-,0,Dd,1,65,1,470,-,,,benign,,,-
1540483325.09373,C151Up1xUqLv8B0Hbb,192.168.1.132,37627,192.168.1.1,53,udp,dns,0.0005,37,100,SF,-,-,0,Dd,1,65,1,128,-,,,benign,,,-
1540483325.09473,CWQP8Y2iiMWt523Gdb,192.168.1.132,33707,192.168.1.1,53,udp,dns,0.00075,37,132,SF,-,-,0,Dd,1,65,1,160,-,,,benign,,,-
1540483326.81351,CNemLr3mI0LX4Fuim3,192.168.1.132,60441,192.168.1.1,53,udp,dns,0.197378,41,124,SF,-,-,0,Dd,1,69,1,152,-,,,benign,,,-
1540483335.59424,CkLEmT1fURC8GHJ2ke,192.168.1.132,53606,2.16.60.82,443,tcp,-,0.003497,0,0,SF,-,-,0,ShAFf,4,172,2,92,-,,,benign,,,-
1540483335.55427,C7iIFeFqYItiy7AMh,192.168.1.132,47242,192.168.1.1,53,udp,dns,0.039479,34,297,SF,-,-,0,Dd,1,62,1,325,-,,,benign,,,-
1540483717.75543,C3gdCK101egCcEBl3b,192.168.1.132,53489,216.239.35.12,123,udp,-,0.272087,48,48,SF,-,-,0,Dd,1,76,1,76,-,,,malicious,,,-
1540484235.63595,C3xu7H3dfM6erO2dWg,192.168.1.132,53607,2.16.60.82,443,tcp,-,0.003497,0,0,SF,-,-,0,ShAFf,5,212,3,144,-,,,malicious,,,-
1540484235.59673,CGbbxX37ZJ3wKecWQ6,192.168.1.132,42648,192.168.1.1,53,udp,dns,0.038729,34,297,SF,-,-,0,Dd,1,62,1,325,-,,,malicious,,,-
1540484958.12711,CgSR2z419FlNGaLdw4,192.168.1.132,50380,216.239.35.0,123,udp,-,0.109672,48,48,SF,-,-,0,Dd,1,76,1,76,-,,,malicious,,,-
1540485135.74283,CPg9Qe2aCDKzySLPTb,192.168.1.132,53608,2.16.60.82,443,tcp,-,0.003496,0,0,SF,-,-,0,ShAFf,5,212,3,144,-,,,malicious,,,-
1540485135.63764,CzNTXM3U1imdcnKmJd,192.168.1.132,45769,192.168.1.1,53,udp,dns,0.104447,34,297,SF,-,-,0,Dd,1,62,1,325,-,,,malicious,,,-
1540485255.33641,CESr2KLztxpxppQUj,192.168.1.132,45150,216.239.35.8,123,udp,-,0.016983,48,48,SF,-,-,0,Dd,1,76,1,76,-,,,malicious,,,-
1540485292.39003,Cw1ZIN1i0desF1jJL5,192.168.1.132,51218,216.239.35.4,123,udp,-,0.116177,48,48,SF,-,-,0,Dd,1,76,1,76,-,,,malicious,,,-
1540485837.60447,CbvTSQXNjKuylVQBc,192.168.1.132,35257,216.239.35.12,123,udp,-,0.270104,48,48,SF,-,-,0,Dd,1,76,1,76,-,,,malicious,,,-
1540486035.85394,CTg5GP1RFoDc9qCMa6,192.168.1.132,53609,2.16.60.82,443,tcp,-,0.003248,0,0,SF,-,-,0,ShAFf,5,212,3,144,-,,,malicious,,,-
1540486035.746,CM6UQ44dK8eiArSrN7,192.168.1.132,54613,192.168.1.1,53,udp,dns,0.107436,34,311,SF,-,-,0,Dd,1,62,1,339,-,,,benign,,,-
1540486924.85277,CAZatg2a0heEfxcKb,192.168.1.132,57012,52.209.221.67,80,tcp,http,0.089197,1847,1539,SF,-,-,0,ShADadtfF,7,2151,7,1831,-,,,benign,,,-
1540486924.94497,CXhlOUOXoJ7S8zmf3,192.168.1.132,60610,52.215.95.120,80,tcp,http,0.109936,1847,791,SF,-,-,0,ShADadfF,6,2099,6,1043,-,,,benign,,,-
1540486924.79107,Cvaokoc1T25YZj28i,192.168.1.132,34147,192.168.1.1,53,udp,dns,0.055701,37,179,SF,-,-,0,Dd,1,65,1,207,-,,,benign,,,-
1540486924.84727,ChMH0e2fvN8cUweIX9,192.168.1.132,49089,192.168.1.1,53,udp,dns,0.004751,37,442,SF,-,-,0,Dd,1,65,1,470,-,,,benign,,,-
1540486924.94297,CvDnkN1kkQfHKzi8s4,192.168.1.132,53949,192.168.1.1,53,udp,dns,0.000498,37,100,SF,-,-,0,Dd,1,65,1,128,-,,,benign,,,-
1540486924.94397,CEZ7x546yFc9rzEhe,192.168.1.132,35538,192.168.1.1,53,udp,dns,0.0005,37,132,SF,-,-,0,Dd,1,65,1,160,-,,,benign,,,-
1540486935.97918,CJooLB4mbw1ZjTlno4,192.168.1.132,56619,2.16.60.139,443,tcp,-,0.003497,0,0,SF,-,-,0,ShAFf,4,172,2,92,-,,,benign,,,-
1540486935.85727,Cv9J6UW3Zde0Tx5oj,192.168.1.132,51998,192.168.1.1,53,udp,dns,0.121426,34,297,SF,-,-,0,Dd,1,62,1,325,-,,,benign,,,-
1540487125.97493,CbrrPu3Fxo0qv6g9Rb,192.168.1.132,33185,216.239.35.0,123,udp,-,0.109928,48,48,SF,-,-,0,Dd,1,76,1,76,-,,,benign,,,-
1540487336.18415,CPNbNp2gKV9loYbdS,192.168.1.132,35056,216.239.35.8,123,udp,-,0.016972,48,48,SF,-,-,0,Dd,1,76,1,76,-,,,benign,,,-
1540487463.30145,Ch8wqd4nHOjfUQlK35,192.168.1.132,39474,216.239.35.4,123,udp,-,0.114174,48,48,SF,-,-,0,Dd,1,76,1,76,-,,,benign,,,-
1540487836.01776,CL13nO3UWBsaZjrmIf,192.168.1.132,56620,2.16.60.139,443,tcp,-,0.004245,0,0,SF,-,-,0,ShAFf,4,172,2,92,-,,,benign,,,-
1540487835.98279,CyY73x2rHmtpzjkgRe,192.168.1.132,41437,192.168.1.1,53,udp,dns,0.034488,34,297,SF,-,-,0,Dd,1,62,1,325,-,,,benign,,,-
1540487907.51552,CGsXjp1bTQH2GJXZm,192.168.1.132,35296,216.239.35.12,123,udp,-,0.269845,48,48,SF,-,-,0,Dd,1,76,1,76,-,,,benign,,,-
1540488736.14183,CdPBh22yxj50qLVxea,192.168.1.132,53614,2.16.60.82,443,tcp,-,0.003497,0,0,SF,-,-,0,ShAFf,5,212,3,144,-,,,benign,,,-
1540488736.02091,COabwz2zNQqJyJT5Rj,192.168.1.132,54529,192.168.1.1,53,udp,dns,0.120428,34,297,SF,-,-,0,Dd,1,62,1,325,-,,,benign,,,-
1540489209.88718,CERiia6NZwi9zpFb6,192.168.1.132,41959,216.239.35.0,123,udp,-,0.109433,48,48,SF,-,-,0,Dd,1,76,1,76,-,,,benign,,,-
1540489443.09773,CsIx2M3kgMHJdqycQe,192.168.1.132,47864,216.239.35.8,123,udp,-,0.016987,48,48,SF,-,-,0,Dd,1,76,1,76,-,,,benign,,,-
1540489636.34772,C7jwUioCNPyLt3ZDh,192.168.1.132,53615,2.16.60.82,443,tcp,-,0.003496,0,0,SF,-,-,0,ShAFf,4,172,2,92,-,,,benign,,,-
1540489636.14609,CFCRdlgSVQoe116B9,192.168.1.132,42329,192.168.1.1,53,udp,dns,0.201136,34,297,SF,-,-,0,Dd,1,62,1,325,-,,,benign,,,-
1540489596.21508,COp5my136JURdYPJ67,192.168.1.132,51766,216.239.35.4,123,udp,-,0.11468,48,48,SF,-,-,0,Dd,1,76,1,76,-,,,benign,,,-
1540490044.42985,CtrCsa4POTtyZycUlg,192.168.1.132,36828,216.239.35.12,123,udp,-,0.269593,48,48,SF,-,-,0,Dd,1,76,1,76,-,,,benign,,,-
1540490524.90391,C7a0fo4aeQEAcR6ELg,192.168.1.132,57018,52.209.221.67,80,tcp,http,0.088448,1847,1539,SF,-,-,0,ShADadtfF,7,2151,7,1831,-,,,benign,,,-
1540490524.99561,CHQW2S1g0RRUqhlf1e,192.168.1.132,60616,52.215.95.120,80,tcp,http,0.117684,1847,791,SF,-,-,0,ShADadfF,6,2099,6,1035,-,,,benign,,,-
1540490524.79399,Ccg0Dq1BituP0Mc8p1,192.168.1.132,57901,192.168.1.1,53,udp,dns,0.104681,37,179,SF,-,-,0,Dd,1,65,1,207,-,,,benign,,,-
1540490524.89942,C1hPAj4B3gxSoZcZAf,192.168.1.132,48314,192.168.1.1,53,udp,dns,0.004001,37,442,SF,-,-,0,Dd,1,65,1,470,-,,,benign,,,-
1540490524.99361,C2OhoL3ohg094dUg84,192.168.1.132,53697,192.168.1.1,53,udp,dns,0.000499,37,100,SF,-,-,0,Dd,1,65,1,128,-,,,benign,,,-
1540490524.99461,CzNN9B3s4yN48s6WQ9,192.168.1.132,39510,192.168.1.1,53,udp,dns,0.0005,37,132,SF,-,-,0,Dd,1,65,1,160,-,,,benign,,,-
1540490536.45833,CxVm4N1PbGn0oQmOCe,192.168.1.132,56625,2.16.60.139,443,tcp,-,0.003497,0,0,SF,-,-,0,ShAFf,4,172,2,92,-,,,benign,,,-
1540490536.35065,CpKVzJ3HcLpDnibefi,192.168.1.132,45663,192.168.1.1,53,udp,dns,0.107187,34,297,SF,-,-,0,Dd,1,62,1,325,-,,,benign,,,-
1540491436.49741,C01r7XD1pGjqxMXv7,192.168.1.132,56626,2.16.60.139,443,tcp,-,0.003499,0,0,SF,-,-,0,ShAFf,5,212,3,144,-,,,benign,,,-
1540491382.79409,CbBRSA38Lg82lIoH61,192.168.1.132,58235,216.239.35.0,123,udp,-,0.111674,48,48,SF,-,-,0,Dd,1,76,1,76,-,,,benign,,,-
1540491436.46069,CpT6pa41CehhfUWQL,192.168.1.132,50794,192.168.1.1,53,udp,dns,0.036223,34,297,SF,-,-,0,Dd,1,62,1,325,-,,,benign,,,-
1540491498.00604,C0rbZf11OXwLj4JRyb,192.168.1.132,38244,216.239.35.8,123,udp,-,0.016984,48,48,SF,-,-,0,Dd,1,76,1,76,-,,,benign,,,-
1540491670.1228,CSwgVt1dqVze1DaRW5,192.168.1.132,44717,216.239.35.4,123,udp,-,0.114192,48,48,SF,-,-,0,Dd,1,76,1,76,-,,,benign,,,-
1540492115.33504,Ck4YJ43NRAwLCAANha,192.168.1.132,34847,216.239.35.12,123,udp,-,0.270346,48,48,SF,-,-,0,Dd,1,76,1,76,-,,,benign,,,-
1540492336.60756,CBpp572MJBNktVasdj,192.168.1.132,56627,2.16.60.139,443,tcp,-,0.003748,0,0,SF,-,-,0,ShAFf,4,172,2,92,-,,,benign,,,-
1540492336.50013,CAnb8Q2ItaI9ME5aug,192.168.1.132,53880,192.168.1.1,53,udp,dns,0.106937,34,297,SF,-,-,0,Dd,1,62,1,325,-,,,benign,,,-
1540493236.80723,CbIOyt28u3GAtpNKDa,192.168.1.132,56628,2.16.60.139,443,tcp,-,0.003747,0,0,SF,-,-,0,ShAFf,4,172,2,92,-,,,benign,,,-
1540493236.61085,Cbsgks8N9wwpIBkVl,192.168.1.132,41079,192.168.1.1,53,udp,dns,0.19589,34,297,SF,-,-,0,Dd,1,62,1,325,-,,,benign,,,-
1540494124.92232,CCzkuS2hJQ2TDX3I98,192.168.1.132,57024,52.209.221.67,80,tcp,http,0.089698,1847,1539,SF,-,-,0,ShADadtfF,7,2139,7,1823,-,,,benign,,,-
1540494125.01501,C1aDm42J0BOHj0bs5h,192.168.1.132,60622,52.215.95.120,80,tcp,http,0.110187,1847,791,SF,-,-,0,ShADafdtF,7,2151,6,1043,-,,,benign,,,-
1540494124.7934,CA00aD3nUtVufsN6t2,192.168.1.132,50618,192.168.1.1,53,udp,dns,0.123928,37,179,SF,-,-,0,Dd,1,65,1,207,-,,,benign,,,-
1540494124.91782,CKVnM93xVCeeiYRdtf,192.168.1.132,36405,192.168.1.1,53,udp,dns,0.004001,37,442,SF,-,-,0,Dd,1,65,1,470,-,,,benign,,,-
1540494125.01302,CXCPyS344OpJEioD7e,192.168.1.132,41441,192.168.1.1,53,udp,dns,0.000498,37,100,SF,-,-,0,Dd,1,65,1,128,-,,,benign,,,-
1540494125.01401,CCukMi3OFHDo0HDz54,192.168.1.132,53363,192.168.1.1,53,udp,dns,0.0005,37,132,SF,-,-,0,Dd,1,65,1,160,-,,,benign,,,-
1540494137.01317,C8rQlWYJfwp4Un1v5,192.168.1.132,53624,2.16.60.82,443,tcp,-,0.003502,0,0,SF,-,-,0,ShAFaf,4,172,3,132,-,,,benign,,,-
1540494136.8098,C5OtqJ1lyDaZzV3x2k,192.168.1.132,51795,192.168.1.1,53,udp,dns,0.202885,34,297,SF,-,-,0,Dd,1,62,1,325,-,,,benign,,,-
1540495037.06597,C7Xwkt2nphv9FsBitc,192.168.1.132,53625,2.16.60.82,443,tcp,-,0.003248,0,0,SF,-,-,0,ShAFf,4,172,2,92,-,,,benign,,,-
1540495037.01627,CrlMS91o2NDZeFUHh6,192.168.1.132,55342,192.168.1.1,53,udp,dns,0.049207,34,297,SF,-,-,0,Dd,1,62,1,325,-,,,benign,,,-
1540495592.70838,CYoJHf4WPs9xD5UXU9,192.168.1.132,55750,216.239.35.0,123,udp,-,0.10919,48,48,SF,-,-,0,Dd,1,76,1,76,-,,,benign,,,-
1540495731.91603,Cf2q3R28et2kiDbo96,192.168.1.132,58381,216.239.35.8,123,udp,-,0.017487,48,48,SF,-,-,0,Dd,1,76,1,76,-,,,benign,,,-
1540495937.18605,Cbcupy3wc2cxkaHQJk,192.168.1.132,53626,2.16.60.82,443,tcp,-,0.003497,0,0,SF,-,-,0,ShAFf,5,212,3,144,-,,,benign,,,-
1540495937.06838,CG9z8640T2qmbsGu71,192.168.1.132,54946,192.168.1.1,53,udp,dns,0.117194,34,297,SF,-,-,0,Dd,1,62,1,325,-,,,benign,,,-
1540495928.03403,CIn10p3kA9eE2rJ8p4,192.168.1.132,38620,216.239.35.4,123,udp,-,0.114179,48,48,SF,-,-,0,Dd,1,76,1,76,-,,,benign,,,-
1540496407.24717,CfYgBy2cwgDYIpx4Ql,192.168.1.132,42028,216.239.35.12,123,udp,-,0.269345,48,48,SF,-,-,0,Dd,1,76,1,76,-,,,benign,,,-
1540496837.24457,CDt4Qz1kPwifIh2bCl,192.168.1.132,56634,2.16.60.139,443,tcp,-,0.003246,0,0,SF,-,-,0,ShAFf,4,172,2,92,-,,,benign,,,-
1540496837.18861,CnvdL13TIcOojSWwfc,192.168.1.132,51254,192.168.1.1,53,udp,dns,0.055462,34,297,SF,-,-,0,Dd,1,62,1,325,-,,,benign,,,-
1540497724.87113,CG5VXMR4xMjAr5ual,192.168.1.132,60627,52.215.95.120,80,tcp,http,0.093956,1847,1539,SF,-,-,1539,ShADacfgF,7,2139,5,204,-,,,benign,,,-
1540497724.96807,Cfx22u2YL8jtUqIFAa,192.168.1.132,57031,52.209.221.67,80,tcp,http,0.114934,1847,791,SF,-,-,0,ShADadfF,6,2099,6,1035,-,,,benign,,,-
1540497724.79518,C98iFt1VjbbEQeO1Ca,192.168.1.132,58803,192.168.1.1,53,udp,dns,0.071206,37,179,SF,-,-,0,Dd,1,65,1,207,-,,,benign,,,-
1540497724.86688,CXrRnr3E16NjCZujRi,192.168.1.132,57214,192.168.1.1,53,udp,dns,0.003751,37,442,SF,-,-,0,Dd,1,65,1,470,-,,,benign,,,-
1540497724.96608,C0eNVZhuoomxaiwTh,192.168.1.132,46909,192.168.1.1,53,udp,dns,0.000499,37,100,SF,-,-,0,Dd,1,65,1,128,-,,,benign,,,-
1540497724.96707,CO7VDx26UILVaD09Ia,192.168.1.132,40893,192.168.1.1,53,udp,dns,0.000749,37,132,SF,-,-,0,Dd,1,65,1,160,-,,,benign,,,-
1540497737.37976,CNuAbv4lQw04mxqo3g,192.168.1.132,56637,2.16.60.139,443,tcp,-,0.003497,0,0,SF,-,-,0,ShAFf,5,212,3,144,-,,,benign,,,-
1540497737.24834,CK0Vz61kKI90RCtZ44,192.168.1.132,53167,192.168.1.1,53,udp,dns,0.130919,34,311,SF,-,-,0,Dd,1,62,1,339,-,,,benign,,,-
1540497701.94469,ConecaEMF5PhSgMI,192.168.1.132,68,192.168.1.1,67,udp,dhcp,0.000994,300,300,SF,-,-,0,Dd,1,328,1,328,-,,,benign,,,-
1540498637.42598,Cn4oI31r8Zi0ldvrd1,192.168.1.132,53631,2.16.60.82,443,tcp,-,0.003497,0,0,SF,-,-,0,ShAFf,4,172,2,92,-,,,benign,,,-
1540498637.38326,CLIf5W1TULZqO5H1u1,192.168.1.132,56283,192.168.1.1,53,udp,dns,0.042223,34,311,SF,-,-,0,Dd,1,62,1,339,-,,,benign,,,-
1540499537.48468,C1WzDv3WrzCPLqp9l,192.168.1.132,56639,2.16.60.139,443,tcp,-,0.003496,0,0,SF,-,-,0,ShAFf,5,212,3,144,-,,,benign,,,-
1540499537.42872,CeO83opsIRRWFl9gh,192.168.1.132,44611,192.168.1.1,53,udp,dns,0.055463,34,311,SF,-,-,0,Dd,1,62,1,339,-,,,benign,,,-
1540499775.61693,CQhTtC2FdbNHngF8qg,192.168.1.132,42834,216.239.35.0,123,udp,-,0.109427,48,48,SF,-,-,0,Dd,1,76,1,76,-,,,benign,,,-
1540499962.8247,CZ2qdOBiVMb7NiwEk,192.168.1.132,33678,216.239.35.8,123,udp,-,0.01699,48,48,SF,-,-,0,Dd,1,76,1,76,-,,,benign,,,-
1540500244.93693,CKpTj31B1E9DXZm6ya,192.168.1.132,54989,216.239.35.4,123,udp,-,0.114186,48,48,SF,-,-,0,Dd,1,76,1,76,-,,,benign,,,-
1540500437.59386,CP466V3XjgmsBHzxs5,192.168.1.132,56640,2.16.60.139,443,tcp,-,0.003497,0,0,SF,-,-,0,ShAFf,5,212,3,144,-,,,benign,,,-
1540500437.48743,Cm4JPdgrPT9jjXqXa,192.168.1.132,47854,192.168.1.1,53,udp,dns,0.105937,34,311,SF,-,-,0,Dd,1,62,1,339,-,,,benign,,,-
1540500740.15121,CNpz3hl07JCUcp8A8,192.168.1.132,47662,216.239.35.12,123,udp,-,0.270089,48,48,SF,-,-,0,Dd,1,76,1,76,-,,,benign,,,-
1540501325.00491,CVcdav2p9LU9ziPEAh,192.168.1.132,57036,52.209.221.67,80,tcp,http,0.093195,1847,1539,SF,-,-,0,ShADadtfF,7,2139,7,1823,-,,,benign,,,-
1540501325.10111,C37aa4k8gxiLE1Un5,192.168.1.132,60634,52.215.95.120,80,tcp,http,0.109432,1847,791,SF,-,-,0,ShADadfF,6,2099,6,1035,-,,,benign,,,-
1540501324.79431,CrF7nG4YrvXTLvGcB5,192.168.1.132,56514,192.168.1.1,53,udp,dns,0.205372,37,179,SF,-,-,0,Dd,1,65,1,207,-,,,benign,,,-
1540501325.00042,COXcAo1fgiDBb73kJ3,192.168.1.132,60357,192.168.1.1,53,udp,dns,0.004001,37,442,SF,-,-,0,Dd,1,65,1,470,-,,,benign,,,-
1540501325.09911,CyCYIy3eKNFnGR1Gq3,192.168.1.132,56564,192.168.1.1,53,udp,dns,0.000499,37,100,SF,-,-,0,Dd,1,65,1,128,-,,,benign,,,-
1540501325.10011,C634Ia4VbZNN4fSMm8,192.168.1.132,36648,192.168.1.1,53,udp,dns,0.000501,37,132,SF,-,-,0,Dd,1,65,1,160,-,,,benign,,,-
1540501337.79385,CQjGcd1YRdbQlaHK9g,192.168.1.132,53636,2.16.60.82,443,tcp,-,0.003496,0,0,SF,-,-,0,ShAFf,4,172,2,92,-,,,benign,,,-
1540501337.59548,Cffi2vVsBq2yE1IQg,192.168.1.132,54450,192.168.1.1,53,udp,dns,0.197895,34,297,SF,-,-,0,Dd,1,62,1,325,-,,,benign,,,-
1540502237.85506,Cg3BKk3x3MJI7ALvlj,192.168.1.132,53637,2.16.60.82,443,tcp,-,0.003248,0,0,SF,-,-,0,ShAFf,4,172,2,92,-,,,benign,,,-
1540502237.79561,Cy3wo82CUVGEhPPM37,192.168.1.132,59920,192.168.1.1,53,udp,dns,0.058969,34,311,SF,-,-,0,Dd,1,62,1,339,-,,,benign,,,-
1540503138.04951,CB7Lz42c6upevBWUs4,192.168.1.132,53638,2.16.60.82,443,tcp,-,0.003497,0,0,SF,-,-,0,ShAFf,5,212,3,144,-,,,benign,,,-
1540503137.85764,CplBko2bWDek6uksii,192.168.1.132,40574,192.168.1.1,53,udp,dns,0.19139,34,297,SF,-,-,0,Dd,1,62,1,325,-,,,benign,,,-
1540504038.1602,CPjp2h1nGt9TUcuNJ5,192.168.1.132,53639,2.16.60.82,443,tcp,-,0.003497,0,0,SF,-,-,0,ShAFf,5,212,3,144,-,,,benign,,,-
1540504038.05427,CZxZMN1oRs6eWMcK14,192.168.1.132,39569,192.168.1.1,53,udp,dns,0.10569,34,297,SF,-,-,0,Dd,1,62,1,325,-,,,benign,,,-
1540504082.52071,C7zxtObNnUDaD0tbe,192.168.1.132,52089,216.239.35.0,123,udp,-,0.109438,48,48,SF,-,-,0,Dd,1,76,1,76,-,,,benign,,,-
1540504178.72445,Crehw62PqXqIpjZew9,192.168.1.132,35116,216.239.35.8,123,udp,-,0.016967,48,48,SF,-,-,0,Dd,1,76,1,76,-,,,benign,,,-
1540504492.83879,CPRpKm2rt7kCZxHfq9,192.168.1.132,49306,216.239.35.4,123,udp,-,0.114172,48,48,SF,-,-,0,Dd,1,76,1,76,-,,,benign,,,-
1540504925.00658,CtHBi12fX8jwrgNUij,192.168.1.132,57042,52.209.221.67,80,tcp,http,0.088947,1847,1539,SF,-,-,0,ShADadtfF,7,2139,7,1823,-,,,benign,,,-
1540504925.09852,CPMajE4RHvz2lDYShl,192.168.1.132,60640,52.215.95.120,80,tcp,http,0.105689,1847,791,SF,-,-,0,ShADadfF,6,2099,6,1035,-,,,benign,,,-
1540504924.7947,CDMc0W0GJpkYJqLIb,192.168.1.132,44540,192.168.1.1,53,udp,dns,0.20713,37,179,SF,-,-,0,Dd,1,65,1,207,-,,,benign,,,-
1540504925.00233,Cqq8pt30uEv9eqIDe4,192.168.1.132,59261,192.168.1.1,53,udp,dns,0.00375,37,442,SF,-,-,0,Dd,1,65,1,470,-,,,benign,,,-
1540504925.09653,CAZOn54GdW0Prb0xX3,192.168.1.132,47007,192.168.1.1,53,udp,dns,0.000499,37,100,SF,-,-,0,Dd,1,65,1,128,-,,,benign,,,-
1540504925.09752,CA3Rty4f7GnLQpxhrj,192.168.1.132,60273,192.168.1.1,53,udp,dns,0.000501,37,132,SF,-,-,0,Dd,1,65,1,160,-,,,benign,,,-
1540504938.36122,CvSaDNDmzrU8bPOu,192.168.1.132,53642,2.16.60.82,443,tcp,-,0.003498,0,0,SF,-,-,0,ShAFaf,4,172,3,132,-,,,benign,,,-
1540504938.16309,C5CppTptIv1qmX998,192.168.1.132,46299,192.168.1.1,53,udp,dns,0.197633,34,311,SF,-,-,0,Dd,1,62,1,339,-,,,benign,,,-
1540504901.05473,Cfrac130p65vCsyCia,192.168.1.132,46638,216.239.35.12,123,udp,-,0.269842,48,48,SF,-,-,0,Dd,1,76,1,76,-,,,benign,,,-
1540505838.49034,ChjgSB3e2swmkiL2Wj,192.168.1.132,56650,2.16.60.139,443,tcp,-,0.011244,0,0,SF,-,-,0,ShAFf,4,172,2,92,-,,,benign,,,-
1540505838.36442,CHvI2f3ubcESIAXVde,192.168.1.132,47555,192.168.1.1,53,udp,dns,0.125422,34,297,SF,-,-,0,Dd,1,62,1,325,-,,,benign,,,-
1540506738.54547,CGDpRf160VFfRsbK9e,192.168.1.132,53644,2.16.60.82,443,tcp,-,0.011493,0,0,SF,-,-,0,ShAFf,5,212,3,144,-,,,benign,,,-
1540506738.497,CgdzJd1JoDqpTjVV04,192.168.1.132,45191,192.168.1.1,53,udp,dns,0.047968,34,297,SF,-,-,0,Dd,1,62,1,325,-,,,benign,,,-
1540507638.75209,CnAqup3ceSo525BWP6,192.168.1.132,56652,2.16.60.139,443,tcp,-,0.011492,0,0,SF,-,-,0,ShAFaf,4,172,3,132,-,,,benign,,,-
1540507638.54946,CiDPtDoLDOy0JzMCa,192.168.1.132,37403,192.168.1.1,53,udp,dns,0.202141,34,297,SF,-,-,0,Dd,1,62,1,325,-,,,benign,,,-
1540508266.42066,C4SQjG2cUpPdXyWUk6,192.168.1.132,42652,216.239.35.0,123,udp,-,0.109682,48,48,SF,-,-,0,Dd,1,76,1,76,-,,,benign,,,-
1540508404.63066,CHGs5T3aTn6UPuTlrc,192.168.1.132,52600,216.239.35.8,123,udp,-,0.016987,48,48,SF,-,-,0,Dd,1,76,1,76,-,,,benign,,,-
1540508524.93112,C5mIg23XNIiyCvNQVl,192.168.1.132,60645,52.215.95.120,80,tcp,http,0.088698,1847,1539,SF,-,-,0,ShADadtfF,7,2151,7,1831,-,,,benign,,,-
1540508525.02307,CyrIq30SFEsG9d2jj,192.168.1.132,57049,52.209.221.67,80,tcp,http,0.113184,1847,791,SF,-,-,0,ShADadfF,6,2099,6,1035,-,,,benign,,,-
1540508524.78998,C5W5gO2xRPGto6EX31,192.168.1.132,45544,192.168.1.1,53,udp,dns,0.132166,37,179,SF,-,-,0,Dd,1,65,1,207,-,,,benign,,,-
1540508524.92263,CTfK8118moAfx2Ziul,192.168.1.132,55030,192.168.1.1,53,udp,dns,0.007998,37,442,SF,-,-,0,Dd,1,65,1,470,-,,,benign,,,-
1540508525.02082,CvqL4j49km1ot7PGC5,192.168.1.132,54122,192.168.1.1,53,udp,dns,0.000499,37,100,SF,-,-,0,Dd,1,65,1,128,-,,,benign,,,-
1540508525.02182,CQdWTe4lag8Y5AYrZg,192.168.1.132,51430,192.168.1.1,53,udp,dns,0.00075,37,132,SF,-,-,0,Dd,1,65,1,160,-,,,benign,,,-
1540508538.81219,CvRBv92hKVDNFP6FU3,192.168.1.132,56655,2.16.60.139,443,tcp,-,0.011745,0,0,SF,-,-,0,ShAFf,4,172,2,92,-,,,benign,,,-
1540508538.75674,Ctlyu61dnmvmg4UIRb,192.168.1.132,34704,192.168.1.1,53,udp,dns,0.05495,34,297,SF,-,-,0,Dd,1,62,1,325,-,,,benign,,,-
1540508810.74756,CpPoO33vnTHugF8Uzg,192.168.1.132,35755,216.239.35.4,123,udp,-,0.116676,48,48,SF,-,-,0,Dd,1,76,1,76,-,,,benign,,,-
1540509210.96016,CdQzwLNCbaPFoO32f,192.168.1.132,47364,216.239.35.12,123,udp,-,0.269354,48,48,SF,-,-,0,Dd,1,76,1,76,-,,,benign,,,-
1540509438.87134,CMII4j3n5MlqItut73,192.168.1.132,56656,2.16.60.139,443,tcp,-,0.011492,0,0,SF,-,-,0,ShAFf,5,212,3,144,-,,,benign,,,-
1540509438.81913,CvagEl1SuGRIBFfHS6,192.168.1.132,50691,192.168.1.1,53,udp,dns,0.051709,34,281,SF,-,-,0,Dd,1,62,1,309,-,,,benign,,,-
1540510339.08118,CTQAP3219nGxRTjF59,192.168.1.132,53650,2.16.60.82,443,tcp,-,0.01151,0,0,SF,-,-,0,ShAFf,4,172,2,92,-,,,benign,,,-
1540510338.87906,CoJZUF1toE2n4CX0Ek,192.168.1.132,47021,192.168.1.1,53,udp,dns,0.20164,34,297,SF,-,-,0,Dd,1,62,1,325,-,,,benign,,,-
1540511239.13792,CucjdBf0HtCabLUTh,192.168.1.132,56658,2.16.60.139,443,tcp,-,0.011742,0,0,SF,-,-,0,ShAFf,5,212,3,144,-,,,benign,,,-
1540511239.08796,Cx4uEB4T7eVk1wAy69,192.168.1.132,39168,192.168.1.1,53,udp,dns,0.049719,34,297,SF,-,-,0,Dd,1,62,1,325,-,,,benign,,,-
1540512125.00109,CPC6fV3iUxLyABUFUi,192.168.1.132,57054,52.209.221.67,80,tcp,http,0.088198,1847,1539,SF,-,-,0,ShADadtfF,7,2139,7,1823,-,,,benign,,,-
1540512125.09253,C6kNSd4e8JSs6NKBN9,192.168.1.132,60652,52.215.95.120,80,tcp,http,0.111434,1847,791,SF,-,-,0,ShADadfF,6,2099,6,1035,-,,,benign,,,-
1540512127.29903,CZWSWi9nxd3GZds4i,192.168.1.132,60836,130.211.67.12,80,tcp,http,0.224122,1595,177,SF,-,-,0,ShADadfF,7,1887,7,469,-,,,benign,,,-
1540512124.79146,C0DTvA2PxYUPAuTa7d,192.168.1.132,55939,192.168.1.1,53,udp,dns,0.200629,37,179,SF,-,-,0,Dd,1,65,1,207,-,,,benign,,,-
1540512124.99284,CL5E7OkUXLiTD9al6,192.168.1.132,54662,192.168.1.1,53,udp,dns,0.007748,37,442,SF,-,-,0,Dd,1,65,1,470,-,,,benign,,,-
1540512125.09029,CKc0Oi2ecVfuMuILm2,192.168.1.132,57452,192.168.1.1,53,udp,dns,0.0005,37,100,SF,-,-,0,Dd,1,65,1,128,-,,,benign,,,-
1540512125.09153,CL23EKvqtOCPotlY,192.168.1.132,43735,192.168.1.1,53,udp,dns,0.000501,37,132,SF,-,-,0,Dd,1,65,1,160,-,,,benign,,,-
1540512127.16762,CY1rT44jIZmsn7ucke,192.168.1.132,36769,192.168.1.1,53,udp,dns,0.130914,41,124,SF,-,-,0,Dd,1,69,1,152,-,,,benign,,,-
1540512139.19576,CDNSl01RsJnS5bOPc3,192.168.1.132,53655,2.16.60.82,443,tcp,-,0.011495,0,0,SF,-,-,0,ShAFf,5,212,3,144,-,,,benign,,,-
1540512139.14704,Cs8BwU3qarzjrYQn2d,192.168.1.132,35268,192.168.1.1,53,udp,dns,0.048223,34,297,SF,-,-,0,Dd,1,62,1,325,-,,,benign,,,-
1540512550.33364,CQc2Z2DjpezYoolJl,192.168.1.132,41909,216.239.35.0,123,udp,-,0.109684,48,48,SF,-,-,0,Dd,1,76,1,76,-,,,benign,,,-
1540512609.50219,CFm1Y828IVEMgmy25c,192.168.1.132,58364,216.239.35.8,123,udp,-,0.016739,48,48,SF,-,-,0,Dd,1,76,1,76,-,,,benign,,,-
1540512955.61551,C2uQMR1CUbAofPoYQ6,192.168.1.132,34286,216.239.35.4,123,udp,-,0.114436,48,48,SF,-,-,0,Dd,1,76,1,76,-,,,benign,,,-
1540513039.2561,CVULm537oXUvXxiq19,192.168.1.132,56663,2.16.60.139,443,tcp,-,0.011243,0,0,SF,-,-,0,ShAFf,5,212,3,144,-,,,benign,,,-
1540513039.20339,Cgi7FZ2j8iEXSfyL8g,192.168.1.132,43517,192.168.1.1,53,udp,dns,0.052213,34,311,SF,-,-,0,Dd,1,62,1,339,-,,,benign,,,-
1540513561.83076,CqKACi1Jp3ZVSp8xr2,192.168.1.132,56890,216.239.35.12,123,udp,-,0.272081,48,48,SF,-,-,0,Dd,1,76,1,76,-,,,benign,,,-
1540513939.30827,CGkFIc4WyTKH5KyFs5,192.168.1.132,56664,2.16.60.139,443,tcp,-,0.011492,0,0,SF,-,-,0,ShAFf,5,212,3,144,-,,,benign,,,-
1540513939.26155,CHn6DM2wyXbIMlM4Ig,192.168.1.132,52749,192.168.1.1,53,udp,dns,0.046466,34,297,SF,-,-,0,Dd,1,62,1,325,-,,,benign,,,-
1540514622.89235,CsTyo528ZzJOdbD15k,192.168.1.132,60840,130.211.67.12,80,tcp,http,0.241862,9995,177,SF,-,-,0,ShADadfF,12,10487,12,669,-,,,benign,,,-
1540514622.89138,CI1qp71cDmd0ZuaD4j,192.168.1.132,47284,192.168.1.1,53,udp,dns,0.000479,41,57,SF,-,-,0,Dd,1,69,1,85,-,,,benign,,,-
1540514839.36335,Cx3BL4tL9nrA4xZx,192.168.1.132,53659,2.16.60.82,443,tcp,-,0.011743,0,0,SF,-,-,0,ShAFf,5,212,3,144,-,,,benign,,,-
1540514839.31464,Cp9RbK3stbvmMmcaN2,192.168.1.132,39877,192.168.1.1,53,udp,dns,0.048468,34,311,SF,-,-,0,Dd,1,62,1,339,-,,,benign,,,-
1540515724.84836,C5n2tP3bULpFkNfEH3,192.168.1.132,57062,52.209.221.67,80,tcp,http,0.093695,1847,1539,SF,-,-,0,ShADadtfF,7,2139,7,1823,-,,,benign,,,-
1540515724.94506,CtAgbP8GhitppIqfd,192.168.1.132,60660,52.215.95.120,80,tcp,http,0.112435,1847,791,SF,-,-,0,ShADadfF,6,2099,6,1043,-,,,benign,,,-
1540515724.78867,CqUDIf2b9QSOs3S36e,192.168.1.132,46467,192.168.1.1,53,udp,dns,0.054699,37,179,SF,-,-,0,Dd,1,65,1,207,-,,,benign,,,-
1540515724.84387,Crz6nd30dvbokQi63f,192.168.1.132,49998,192.168.1.1,53,udp,dns,0.004,37,442,SF,-,-,0,Dd,1,65,1,470,-,,,benign,,,-
1540515724.94306,CggUEofeedV8SxZ2j,192.168.1.132,41869,192.168.1.1,53,udp,dns,0.000499,37,100,SF,-,-,0,Dd,1,65,1,128,-,,,benign,,,-
1540515724.94406,CVJ4nY3Slo8XwgiPFa,192.168.1.132,38817,192.168.1.1,53,udp,dns,0.000502,37,132,SF,-,-,0,Dd,1,65,1,160,-,,,benign,,,-
1540515739.48424,CMA5m94kTyKtcRcEoj,192.168.1.132,53662,2.16.60.82,443,tcp,-,0.011492,0,0,SF,-,-,0,ShAFf,4,172,2,92,-,,,benign,,,-
1540515739.36883,CuEBlB2uLDkJ7FQ7Ic,192.168.1.132,35128,192.168.1.1,53,udp,dns,0.114935,34,311,SF,-,-,0,Dd,1,62,1,339,-,,,benign,,,-
1540516639.63656,CTjJCp1twF2tOigPNh,192.168.1.132,56670,2.16.60.139,443,tcp,-,0.011742,0,0,SF,-,-,0,ShAFf,4,172,2,92,-,,,benign,,,-
1540516639.49042,CWBH7o4CvGq5S9jm3f,192.168.1.132,32812,192.168.1.1,53,udp,dns,0.145668,34,297,SF,-,-,0,Dd,1,62,1,325,-,,,benign,,,-
1540516854.19805,CrgNab4jC6S7ygUmx1,192.168.1.132,51087,216.239.35.8,123,udp,-,0.017238,48,48,SF,-,-,0,Dd,1,76,1,76,-,,,benign,,,-
1540516894.25568,CTXyvI252h7Q990Azi,192.168.1.132,60296,216.239.35.0,123,udp,-,0.109682,48,48,SF,-,-,0,Dd,1,76,1,76,-,,,benign,,,-
1540517160.46546,CewQ6QyUOyaIlHvUg,192.168.1.132,35370,216.239.35.4,123,udp,-,0.113933,48,48,SF,-,-,0,Dd,1,76,1,76,-,,,benign,,,-
1540517539.69215,CpTCZf3Hwpwflj0Bo5,192.168.1.132,56671,2.16.60.139,443,tcp,-,0.011492,0,0,SF,-,-,0,ShAFf,4,172,2,92,-,,,benign,,,-
1540517539.6437,Cv6egkNELJwFxPWCe,192.168.1.132,35145,192.168.1.1,53,udp,dns,0.047963,34,311,SF,-,-,0,Dd,1,62,1,339,-,,,benign,,,-
1540517691.68282,CYdrFo1z6ifUjrMadh,192.168.1.132,40144,216.239.35.12,123,udp,-,0.269841,48,48,SF,-,-,0,Dd,1,76,1,76,-,,,benign,,,-
1540518439.8109,CYHdME1HqX2lPDWb31,192.168.1.132,58542,2.21.172.138,443,tcp,-,0.012992,0,0,SF,-,-,0,ShAFf,4,172,2,92,-,,,benign,,,-
1540518439.70173,CUJ9T915hMDar3Iayh,192.168.1.132,60611,192.168.1.1,53,udp,dns,0.108678,34,297,SF,-,-,0,Dd,1,62,1,325,-,,,benign,,,-
1540519324.91282,C8HO1Whj0ObSEwagl,192.168.1.132,60665,52.215.95.120,80,tcp,http,0.092946,1847,1539,SF,-,-,0,ShADadtfF,7,2139,7,1823,-,,,benign,,,-
1540519325.00902,C8k0ZJ3nN2F72zMFkk,192.168.1.132,57069,52.209.221.67,80,tcp,http,0.117683,1847,791,SF,-,-,0,ShADadfF,6,2099,6,1035,-,,,benign,,,-
1540519324.79165,CtY0ZJ21c49XqbYg36,192.168.1.132,38980,192.168.1.1,53,udp,dns,0.11568,37,179,SF,-,-,0,Dd,1,65,1,207,-,,,benign,,,-
1540519324.90808,Co0xcV3SYfelefkUo2,192.168.1.132,33729,192.168.1.1,53,udp,dns,0.004249,37,442,SF,-,-,0,Dd,1,65,1,470,-,,,benign,,,-
1540519325.00702,Cla0qN30VOOhuUZKcf,192.168.1.132,50609,192.168.1.1,53,udp,dns,0.0005,37,100,SF,-,-,0,Dd,1,65,1,128,-,,,benign,,,-
1540519325.00802,CJ8usB3rJe3RW61YH,192.168.1.132,34137,192.168.1.1,53,udp,dns,0.000502,37,132,SF,-,-,0,Dd,1,65,1,160,-,,,benign,,,-
1540519339.87805,CxOa6847RJlDHPEL21,192.168.1.132,53668,2.16.60.82,443,tcp,-,0.011744,0,0,SF,-,-,0,ShAFf,4,172,2,92,-,,,benign,,,-
1540519339.81984,CAsfrbcohbMpNNeNg,192.168.1.132,46841,192.168.1.1,53,udp,dns,0.057713,34,297,SF,-,-,0,Dd,1,62,1,325,-,,,benign,,,-
1540520240.01125,CsLp3y17gQz4lgLsyh,192.168.1.132,53669,2.16.60.82,443,tcp,-,0.011743,0,0,SF,-,-,0,ShAFf,4,172,2,92,-,,,benign,,,-
1540520239.88458,CYazVamSUTGCJKRBg,192.168.1.132,37601,192.168.1.1,53,udp,dns,0.126168,34,297,SF,-,-,0,Dd,1,62,1,325,-,,,benign,,,-
1540521060.05587,CsyJUo38C3C0oyVDHi,192.168.1.132,45407,216.239.35.8,123,udp,-,0.017221,48,48,SF,-,-,0,Dd,1,76,1,76,-,,,benign,,,-
1540521140.06301,CQ490Y13C5LIUSsv5b,192.168.1.132,56677,2.16.60.139,443,tcp,-,0.011493,0,0,SF,-,-,0,ShAFf,4,172,2,92,-,,,benign,,,-
1540521140.01805,C6dQqD3ub35A17kte7,192.168.1.132,60056,192.168.1.1,53,udp,dns,0.044467,34,297,SF,-,-,0,Dd,1,62,1,325,-,,,benign,,,-
1540521156.17009,Cb745L10X52bbQmzEk,192.168.1.132,60966,216.239.35.0,123,udp,-,0.111429,48,48,SF,-,-,0,Dd,1,76,1,76,-,,,benign,,,-
1540521418.38146,CE9yvm2XhsHXKGXqVk,192.168.1.132,56544,216.239.35.4,123,udp,-,0.11618,48,48,SF,-,-,0,Dd,1,76,1,76,-,,,benign,,,-
1540522040.12312,C0p9SH1Ypj2Li00ch1,192.168.1.132,56678,2.16.60.139,443,tcp,-,0.011492,0,0,SF,-,-,0,ShAFf,5,212,3,144,-,,,benign,,,-
1540522040.07066,CAes5CPmtXEahpJ63,192.168.1.132,42913,192.168.1.1,53,udp,dns,0.051964,34,297,SF,-,-,0,Dd,1,62,1,325,-,,,benign,,,-
1540522009.59779,CMNJ2y7ZCPvdQXMp4,192.168.1.132,55745,216.239.35.12,123,udp,-,0.270092,48,48,SF,-,-,0,Dd,1,76,1,76,-,,,benign,,,-
1540522924.85798,C4bjac2nU578UQgUE3,192.168.1.132,60671,52.215.95.120,80,tcp,http,0.088947,1847,1539,SF,-,-,1539,ShADacfgF,7,2139,5,204,-,,,benign,,,-
1540522924.94993,CMyMnc3hMHuSndyf7l,192.168.1.132,57075,52.209.221.67,80,tcp,http,0.118432,1847,791,SF,-,-,0,ShADadfF,6,2099,6,1043,-,,,benign,,,-
1540522924.79104,CmH8Jx22E27bJRQZX8,192.168.1.132,37003,192.168.1.1,53,udp,dns,0.056699,37,179,SF,-,-,0,Dd,1,65,1,207,-,,,benign,,,-
1540522924.84824,Cu5sdC3zirq7VRrm7f,192.168.1.132,36088,192.168.1.1,53,udp,dns,0.009247,37,442,SF,-,-,0,Dd,1,65,1,470,-,,,benign,,,-
1540522924.94793,CEJoxH3YHDX6tGKDRd,192.168.1.132,58584,192.168.1.1,53,udp,dns,0.000498,37,100,SF,-,-,0,Dd,1,65,1,128,-,,,benign,,,-
1540522924.94893,CCW3831vLWWHnpR768,192.168.1.132,55930,192.168.1.1,53,udp,dns,0.0005,37,132,SF,-,-,0,Dd,1,65,1,160,-,,,benign,,,-
1540522940.18725,CSrevYRCgCuOIGzh8,192.168.1.132,53674,2.16.60.82,443,tcp,-,0.011491,0,0,SF,-,-,0,ShAFf,5,212,3,144,-,,,benign,,,-
1540522940.1303,CfsVBw4Ck8w5UNxUBk,192.168.1.132,34698,192.168.1.1,53,udp,dns,0.056469,34,297,SF,-,-,0,Dd,1,62,1,325,-,,,benign,,,-
1540523840.25187,CbeaqN34EdECULHYvg,192.168.1.132,53675,2.16.60.82,443,tcp,-,0.011493,0,0,SF,-,-,0,ShAFf,5,212,3,144,-,,,benign,,,-
1540523840.19442,CdYm3Z1mg8aMUUU5z8,192.168.1.132,40766,192.168.1.1,53,udp,dns,0.056699,34,297,SF,-,-,0,Dd,1,62,1,325,-,,,benign,,,-
1540524740.36646,CrFCOL33cceOlEy8Wd,192.168.1.132,56683,2.16.60.139,443,tcp,-,0.011496,0,0,SF,-,-,0,ShAFaf,4,172,3,132,-,,,benign,,,-
1540524740.25879,CVEJjn3OR25qrS97il,192.168.1.132,37842,192.168.1.1,53,udp,dns,0.107187,34,281,SF,-,-,0,Dd,1,62,1,309,-,,,benign,,,-
1540525380.96607,Crj3ow4W4UtaUW9621,192.168.1.132,36851,216.239.35.8,123,udp,-,0.017227,48,48,SF,-,-,0,Dd,1,76,1,76,-,,,benign,,,-
1540525447.0474,CdLMQG37n8g6yYCSQ4,192.168.1.132,33306,216.239.35.0,123,udp,-,0.109935,48,48,SF,-,-,0,Dd,1,76,1,76,-,,,benign,,,-
1540525640.44816,CDN4VG2nq49dSD5s3f,192.168.1.132,53677,2.16.60.82,443,tcp,-,0.011492,0,0,SF,-,-,0,ShAFf,5,212,3,144,-,,,benign,,,-
1540525640.37321,Cy6rU91faFHEnt94pg,192.168.1.132,51838,192.168.1.1,53,udp,dns,0.074453,34,297,SF,-,-,0,Dd,1,62,1,325,-,,,benign,,,-
1540525669.25801,CpMny5x7i1Fqbe71e,192.168.1.132,55343,216.239.35.4,123,udp,-,0.114181,48,48,SF,-,-,0,Dd,1,76,1,76,-,,,benign,,,-
1540526323.47264,Ci4WCu1KQVcxoAU1S6,192.168.1.132,35357,216.239.35.12,123,udp,-,0.27009,48,48,SF,-,-,0,Dd,1,76,1,76,-,,,benign,,,-
1540526524.85759,CAXOio3MteEfxUuDGa,192.168.1.132,60677,52.215.95.120,80,tcp,http,0.093695,1847,1539,SF,-,-,1539,ShADacfgF,7,2139,5,204,-,,,benign,,,-
1540526524.95453,C0nEp2xkOzTKITJmb,192.168.1.132,57081,52.209.221.67,80,tcp,http,0.121431,1847,791,SF,-,-,0,ShADadfF,6,2099,6,1035,-,,,benign,,,-
1540526524.79139,Cb77Lu1IMTUzJhVPek,192.168.1.132,59474,192.168.1.1,53,udp,dns,0.060457,37,179,SF,-,-,0,Dd,1,65,1,207,-,,,benign,,,-
1540526524.85234,CyqM8Z1PcKeVv3949c,192.168.1.132,60977,192.168.1.1,53,udp,dns,0.00475,37,442,SF,-,-,0,Dd,1,65,1,470,-,,,benign,,,-
1540526524.95229,Cfj0VI1pnrwsl5jwF8,192.168.1.132,41153,192.168.1.1,53,udp,dns,0.000501,37,100,SF,-,-,0,Dd,1,65,1,128,-,,,benign,,,-
1540526524.95354,ChQTYv2z6zz9k53zu4,192.168.1.132,47857,192.168.1.1,53,udp,dns,0.000499,37,132,SF,-,-,0,Dd,1,65,1,160,-,,,benign,,,-
1540526540.51442,CHFURY2s6rJMEF0ql7,192.168.1.132,56687,2.16.60.139,443,tcp,-,0.011498,0,0,SF,-,-,0,ShAFaf,4,172,3,132,-,,,benign,,,-
1540526540.45546,CIMhWC2ovTelOJ0DD5,192.168.1.132,56080,192.168.1.1,53,udp,dns,0.058712,34,281,SF,-,-,0,Dd,1,62,1,309,-,,,benign,,,-
1540527440.63411,CY5qO32G3ikGmHo9D5,192.168.1.132,53681,2.16.60.82,443,tcp,-,0.011492,0,0,SF,-,-,0,ShAFf,5,212,3,144,-,,,benign,,,-
1540527440.52144,C4Da8J2LrNHnKx6ss,192.168.1.132,39476,192.168.1.1,53,udp,dns,0.112178,34,297,SF,-,-,0,Dd,1,62,1,325,-,,,benign,,,-
1540528340.69806,C6EbcG3N1bFHpkbY09,192.168.1.132,56689,2.16.60.139,443,tcp,-,0.011251,0,0,SF,-,-,0,ShAFf,5,212,3,144,-,,,benign,,,-
1540528340.64135,CLeGtA3IffqwQ61MKi,192.168.1.132,51743,192.168.1.1,53,udp,dns,0.056214,34,297,SF,-,-,0,Dd,1,62,1,325,-,,,benign,,,-
1540529240.79002,CPrWLc4yQHoEulu4b4,192.168.1.132,56690,2.16.60.139,443,tcp,-,0.011495,0,0,SF,-,-,0,ShAFf,5,212,3,144,-,,,benign,,,-
1540529240.70533,CJE4Q4InfJAznK9sh,192.168.1.132,46770,192.168.1.1,53,udp,dns,0.068203,34,297,SF,-,-,0,Dd,1,62,1,325,-,,,benign,,,-
1540529486.84202,CJXRdr4KEMi05oWVq6,192.168.1.132,53042,216.239.35.8,123,udp,-,0.016985,48,48,SF,-,-,0,Dd,1,76,1,76,-,,,benign,,,-
1540529746.95155,Cgnkv01sBQuIujIKSh,192.168.1.132,40121,216.239.35.0,123,udp,-,0.109428,48,48,SF,-,-,0,Dd,1,76,1,76,-,,,benign,,,-
1540529993.16038,Ci2bJ12hYm2yRQdvWe,192.168.1.132,36227,216.239.35.4,123,udp,-,0.114177,48,48,SF,-,-,0,Dd,1,76,1,76,-,,,benign,,,-
1540530124.86046,CaSu6e3GvqIXmlQKZ5,192.168.1.132,57086,52.209.221.67,80,tcp,http,0.092945,1847,1539,SF,-,-,0,ShADadtfF,7,2151,7,1831,-,,,benign,,,-
1540530124.95641,CYptQT1A6Rpa4C0uj1,192.168.1.132,60684,52.215.95.120,80,tcp,http,0.12418,1847,791,SF,-,-,0,ShADadfF,6,2099,6,1043,-,,,benign,,,-
1540530124.78952,CwsTRGPuhPEIPUY73,192.168.1.132,35128,192.168.1.1,53,udp,dns,0.061951,37,179,SF,-,-,0,Dd,1,65,1,207,-,,,benign,,,-
1540530124.85197,CLAo9p3HsQB8mCGqd9,192.168.1.132,33836,192.168.1.1,53,udp,dns,0.007996,37,442,SF,-,-,0,Dd,1,65,1,470,-,,,benign,,,-
1540530124.95441,CW2E2O3mvYhvC74bFb,192.168.1.132,54091,192.168.1.1,53,udp,dns,0.000499,37,100,SF,-,-,0,Dd,1,65,1,128,-,,,benign,,,-
1540530124.95541,CQmNIU3klGEIa9d2uh,192.168.1.132,58906,192.168.1.1,53,udp,dns,0.000499,37,132,SF,-,-,0,Dd,1,65,1,160,-,,,benign,,,-
1540530140.90728,CKiXZd2qgMYM5yMWP,192.168.1.132,53686,2.16.60.82,443,tcp,-,0.011492,0,0,SF,-,-,0,ShAFf,4,172,2,92,-,,,benign,,,-
1540530140.79487,CKIA9e2OKr21RqwU7f,192.168.1.132,40814,192.168.1.1,53,udp,dns,0.111933,34,297,SF,-,-,0,Dd,1,62,1,325,-,,,benign,,,-
1540530586.37438,CEJIud2ezq3IyszZm7,192.168.1.132,58696,216.239.35.12,123,udp,-,0.271598,48,48,SF,-,-,0,Dd,1,76,1,76,-,,,benign,,,-
1540531041.02925,CPYxQE4uDhjh3JrYj5,192.168.1.132,56694,2.16.60.139,443,tcp,-,0.011245,0,0,SF,-,-,0,ShAFf,5,212,3,144,-,,,benign,,,-
1540531040.91358,CwQx5K2eYucrPAnaNe,192.168.1.132,40614,192.168.1.1,53,udp,dns,0.115191,34,281,SF,-,-,0,Dd,1,62,1,309,-,,,benign,,,-
1540531941.14832,C18BxS3t8hfFoEpWx5,192.168.1.132,56695,2.16.60.139,443,tcp,-,0.011494,0,0,SF,-,-,0,ShAFf,4,172,2,92,-,,,benign,,,-
1540531941.03615,Chy6x43VoY0u6fFrQe,192.168.1.132,50406,192.168.1.1,53,udp,dns,0.111689,34,295,SF,-,-,0,Dd,1,62,1,323,-,,,benign,,,-
1540532841.34877,CZUOiw214gILW7RzT5,192.168.1.132,56696,2.16.60.139,443,tcp,-,0.011492,0,0,SF,-,-,0,ShAFf,4,172,2,92,-,,,benign,,,-
1540532841.15638,Cv5DhHZLKolGdDbN7,192.168.1.132,39480,192.168.1.1,53,udp,dns,0.191896,34,295,SF,-,-,0,Dd,1,62,1,323,-,,,benign,,,-
1540533724.84402,CdBvdp3N5rCtQlHHp7,192.168.1.132,57092,52.209.221.67,80,tcp,http,0.089198,1847,1539,SF,-,-,0,ShADadtfF,7,2151,7,1831,-,,,benign,,,-
1540533724.93621,C5u5H74tTlzFJoXBXf,192.168.1.132,60690,52.215.95.120,80,tcp,http,0.107438,1847,791,SF,-,-,0,ShADadfF,6,2099,6,1043,-,,,benign,,,-
1540533724.78756,C3k3N11ocmouImW03i,192.168.1.132,50660,192.168.1.1,53,udp,dns,0.047465,37,179,SF,-,-,0,Dd,1,65,1,207,-,,,benign,,,-
1540533724.83552,C5gtfHIzoOShR8TC1,192.168.1.132,54540,192.168.1.1,53,udp,dns,0.007997,37,442,SF,-,-,0,Dd,1,65,1,470,-,,,benign,,,-
1540533724.93421,CRJ5B71am48UHvQLMh,192.168.1.132,54729,192.168.1.1,53,udp,dns,0.0005,37,100,SF,-,-,0,Dd,1,65,1,128,-,,,benign,,,-
1540533724.93521,CL6WI93nxzU6f1V79j,192.168.1.132,37127,192.168.1.1,53,udp,dns,0.0005,37,132,SF,-,-,0,Dd,1,65,1,160,-,,,benign,,,-
1540533741.48278,C6z1H24jpjeU5m7uV4,192.168.1.132,56699,2.16.60.139,443,tcp,-,0.011493,0,0,SF,-,-,0,ShAFf,5,212,3,144,-,,,benign,,,-
1540533741.35511,C073Nl2j9jmZ7NtlF6,192.168.1.132,37087,192.168.1.1,53,udp,dns,0.127172,34,281,SF,-,-,0,Dd,1,62,1,309,-,,,benign,,,-
1540533737.74042,C340n4CgSDsgVPHB2,192.168.1.132,58370,216.239.35.8,123,udp,-,0.016981,48,48,SF,-,-,0,Dd,1,76,1,76,-,,,benign,,,-
1540534000.86021,CW1U97IRyBxkhV6p9,192.168.1.132,35406,216.239.35.0,123,udp,-,0.10968,48,48,SF,-,-,0,Dd,1,76,1,76,-,,,benign,,,-
1540534244.07184,CjOksb1csBOiKgQQu7,192.168.1.132,59394,216.239.35.4,123,udp,-,0.116689,48,48,SF,-,-,0,Dd,1,76,1,76,-,,,benign,,,-
1540534641.55113,CYtR1I13Twe6NihjOh,192.168.1.132,53693,2.16.60.82,443,tcp,-,0.011746,0,0,SF,-,-,0,ShAFaf,4,172,3,132,-,,,benign,,,-
1540534641.49442,CuncTO1ylIliUPMzPk,192.168.1.132,49062,192.168.1.1,53,udp,dns,0.056219,34,297,SF,-,-,0,Dd,1,62,1,325,-,,,benign,,,-
1540534782.29103,CsKIVp4cDCI73tkKll,192.168.1.132,57477,216.239.35.12,123,udp,-,-,-,-,S0,-,-,0,D,1,76,0,0,-,,,benign,,,-
1540535330.40541,CnsRp4cX59uAt9Aqb,192.168.1.132,38896,216.239.35.12,123,udp,-,0.269604,48,48,SF,-,-,0,Dd,1,76,1,76,-,,,benign,,,-
1540535541.61683,CkgxegIAGty75XiAb,192.168.1.132,53694,2.16.60.82,443,tcp,-,0.011493,0,0,SF,-,-,0,ShAFf,4,172,2,92,-,,,benign,,,-
1540535541.55912,Cbfyvs2BWLKA52QoD8,192.168.1.132,42746,192.168.1.1,53,udp,dns,0.057208,34,297,SF,-,-,0,Dd,1,62,1,325,-,,,benign,,,-
1540536441.67616,CLuhyS3JUhWtGOMzC1,192.168.1.132,53695,2.16.60.82,443,tcp,-,0.011243,0,0,SF,-,-,0,ShAFf,4,172,2,92,-,,,benign,,,-
1540536441.62045,C9lNRv1Jvsqhltsirl,192.168.1.132,43338,192.168.1.1,53,udp,dns,0.055215,34,297,SF,-,-,0,Dd,1,62,1,325,-,,,benign,,,-
1540537324.84566,Ck8vbL32XMddHO9yye,192.168.1.132,57098,52.209.221.67,80,tcp,http,0.088699,1847,1539,SF,-,-,0,ShADadtfF,7,2139,7,1823,-,,,benign,,,-
1540537324.93736,CUzrb327OO4cuCEBW4,192.168.1.132,60696,52.215.95.120,80,tcp,http,0.12193,1847,791,SF,-,-,0,ShADafdtF,7,2151,6,1043,-,,,benign,,,-
1540537324.78972,CcYNs1I8GZzn94AR9,192.168.1.132,37915,192.168.1.1,53,udp,dns,0.046954,37,179,SF,-,-,0,Dd,1,65,1,207,-,,,benign,,,-
1540537324.83717,CAwmw42NHjyACZuaY9,192.168.1.132,52445,192.168.1.1,53,udp,dns,0.007997,37,442,SF,-,-,0,Dd,1,65,1,470,-,,,benign,,,-
1540537324.93536,CQ2hjv3Q2Q22Jna9Qi,192.168.1.132,52588,192.168.1.1,53,udp,dns,0.000499,37,100,SF,-,-,0,Dd,1,65,1,128,-,,,benign,,,-
1540537324.93636,Cq2NrJBFTOsHhN0v5,192.168.1.132,59235,192.168.1.1,53,udp,dns,0.000501,37,132,SF,-,-,0,Dd,1,65,1,160,-,,,benign,,,-
1540537341.73228,CmgM9a4uBMzcwabLK6,192.168.1.132,53698,2.16.60.82,443,tcp,-,0.011494,0,0,SF,-,-,0,ShAFf,5,212,3,144,-,,,benign,,,-
1540537341.68208,C50cLX1JYRvtK3uXDb,192.168.1.132,60501,192.168.1.1,53,udp,dns,0.049705,34,297,SF,-,-,0,Dd,1,62,1,325,-,,,benign,,,-
1540537947.77243,CIGZrM3SwNS27sHJkh,192.168.1.132,53198,216.239.35.8,123,udp,-,0.016733,48,48,SF,-,-,0,Dd,1,76,1,76,-,,,benign,,,-
1540538241.85994,CgOiot4wWNoQttp4sj,192.168.1.132,53699,2.16.60.82,443,tcp,-,0.011744,0,0,SF,-,-,0,ShAFf,4,172,2,92,-,,,benign,,,-
1540538186.89015,CRWYvP3hs12WiVE8Ze,192.168.1.132,46611,216.239.35.0,123,udp,-,0.109189,48,48,SF,-,-,0,Dd,1,76,1,76,-,,,benign,,,-
1540538241.74028,CmMcOp2bc54wnA1nU3,192.168.1.132,45080,192.168.1.1,53,udp,dns,0.119429,34,297,SF,-,-,0,Dd,1,62,1,325,-,,,benign,,,-
1540538434.10052,CPIuSN1F9MyKNx0YH9,192.168.1.132,34439,216.239.35.4,123,udp,-,0.114183,48,48,SF,-,-,0,Dd,1,76,1,76,-,,,benign,,,-
1540539141.91917,CGSu5p3zD7iEMPtCW8,192.168.1.132,56707,2.16.60.139,443,tcp,-,0.011496,0,0,SF,-,-,0,ShAFaf,4,172,3,132,-,,,benign,,,-
1540539141.86847,CAw3vpykTQQ65ipSh,192.168.1.132,43036,192.168.1.1,53,udp,dns,0.050204,34,297,SF,-,-,0,Dd,1,62,1,325,-,,,benign,,,-
1540539486.31694,CvqC6ycO5qUo5DfUa,192.168.1.132,34258,216.239.35.12,123,udp,-,0.27034,48,48,SF,-,-,0,Dd,1,76,1,76,-,,,benign,,,-
1540540041.98848,CN9OKN8HDETk0ax43,192.168.1.132,56708,2.16.60.139,443,tcp,-,0.011493,0,0,SF,-,-,0,ShAFf,4,172,2,92,-,,,benign,,,-
1540540041.92527,C7cx333GnrRyVT149e,192.168.1.132,37562,192.168.1.1,53,udp,dns,0.062708,34,295,SF,-,-,0,Dd,1,62,1,323,-,,,benign,,,-
1540540924.86857,CqGWpT1AL7WTnfzdj7,192.168.1.132,60701,52.215.95.120,80,tcp,http,0.089446,1847,1539,SF,-,-,0,ShADadtfF,7,2151,7,1831,-,,,benign,,,-
1540540924.96151,CYAwKw2QjNen7oFxDf,192.168.1.132,57105,52.209.221.67,80,tcp,http,0.10394,1847,791,SF,-,-,0,ShADadfF,6,2099,6,1043,-,,,benign,,,-
1540540925.38152,Cbm9U64H0vRm36Cwne,192.168.1.132,40550,52.51.133.171,80,tcp,http,0.063713,1163,1503,SF,-,-,0,ShADadtfF,6,1427,6,1755,-,,,benign,,,-
1540540925.44823,CnLHQd2NrE3dd5Zmzg,192.168.1.132,49245,52.212.88.21,80,tcp,http,0.207133,2902,5263,SF,-,-,4006,ShADacgdFf,10,3314,4,1429,-,,,benign,,,-
1540540925.63238,C5uvie3zcM1Tafgm09,192.168.1.132,40552,52.51.133.171,80,tcp,http,0.072708,1162,775,SF,-,-,0,ShADadfF,5,1374,5,987,-,,,benign,,,-
1540540927.604,CzQvjs3UIbip5hJKch,192.168.1.132,60889,130.211.67.12,80,tcp,http,0.234116,1595,177,SF,-,-,0,ShADadfF,7,1887,7,469,-,,,benign,,,-
1540540924.79136,CxTg0a3zoyXyyJ9Xw5,192.168.1.132,58711,192.168.1.1,53,udp,dns,0.068209,37,179,SF,-,-,0,Dd,1,65,1,207,-,,,benign,,,-
1540540924.86007,CqCcZG1VBrec8L6wc6,192.168.1.132,53001,192.168.1.1,53,udp,dns,0.007997,37,442,SF,-,-,0,Dd,1,65,1,470,-,,,benign,,,-
1540540924.95926,CNeBsD4S9C8AAducKh,192.168.1.132,47828,192.168.1.1,53,udp,dns,0.0005,37,100,SF,-,-,0,Dd,1,65,1,128,-,,,benign,,,-
1540540924.96026,C5uuEy3BO1KdeoiLQ4,192.168.1.132,52880,192.168.1.1,53,udp,dns,0.000751,37,132,SF,-,-,0,Dd,1,65,1,160,-,,,benign,,,-
1540540925.15016,CRVBov3zQuDt5wTgA3,192.168.1.132,51330,192.168.1.1,53,udp,dns,0.225626,46,209,SF,-,-,0,Dd,1,74,1,237,-,,,benign,,,-
1540540925.37653,CH43Rv2wVW5nbcCs9b,192.168.1.132,47296,192.168.1.1,53,udp,dns,0.004498,46,472,SF,-,-,0,Dd,1,74,1,500,-,,,benign,,,-
1540540925.44624,CoxWwv4kltZlk5oy7f,192.168.1.132,59967,192.168.1.1,53,udp,dns,0.000499,46,141,SF,-,-,0,Dd,1,74,1,169,-,,,benign,,,-
1540540925.44723,Ce3RsfOdTf1mZW96,192.168.1.132,38286,192.168.1.1,53,udp,dns,0.000501,46,173,SF,-,-,0,Dd,1,74,1,201,-,,,benign,,,-
1540540925.62988,C4GOVo4qS2LOoj8Rj9,192.168.1.132,59005,192.168.1.1,53,udp,dns,0.000749,46,141,SF,-,-,0,Dd,1,74,1,169,-,,,benign,,,-
1540540925.63138,CmRu3UKAaavidc2el,192.168.1.132,51156,192.168.1.1,53,udp,dns,0.0005,46,173,SF,-,-,0,Dd,1,74,1,201,-,,,benign,,,-
1540540927.47059,CYrObG1Xo2nTbxNlNb,192.168.1.132,53836,192.168.1.1,53,udp,dns,0.132915,41,124,SF,-,-,0,Dd,1,69,1,152,-,,,benign,,,-
1540540932.68411,CzbTq633kbgFwtvsVd,192.168.1.132,60707,52.215.95.120,80,tcp,http,0.106189,4038,791,SF,-,-,2920,ShADCaGdfF,6,1370,8,1115,-,,,benign,,,-
1540540932.68187,Co0wAO1yP0NC8xzt5c,192.168.1.132,48529,192.168.1.1,53,udp,dns,0.00074,37,100,SF,-,-,0,Dd,1,65,1,128,-,,,benign,,,-
1540540932.68311,CATRbh1GXu5BFmJ1we,192.168.1.132,59075,192.168.1.1,53,udp,dns,0.000499,37,132,SF,-,-,0,Dd,1,65,1,160,-,,,benign,,,-
1540540942.04676,CHErzl3YuqPEY5Hrrg,192.168.1.132,53709,2.16.60.82,443,tcp,-,0.011494,0,0,SF,-,-,0,ShAFf,4,172,2,92,-,,,benign,,,-
1540540941.99406,CzXRSj27ipsbqgq6O,192.168.1.132,58072,192.168.1.1,53,udp,dns,0.05221,34,297,SF,-,-,0,Dd,1,62,1,325,-,,,benign,,,-
1540540901.15636,Cu6nEx2UAaJ8EEIVme,192.168.1.132,68,192.168.1.1,67,udp,dhcp,0.000993,300,300,SF,-,-,0,Dd,1,328,1,328,-,,,benign,,,-
1540541842.11042,Co9vQIyybagkWcNja,192.168.1.132,53710,2.16.60.82,443,tcp,-,0.011245,0,0,SF,-,-,0,ShAFf,5,212,3,144,-,,,benign,,,-
1540541842.05371,Cm0ZP01QrF1ntRb41b,192.168.1.132,35460,192.168.1.1,53,udp,dns,0.055962,34,311,SF,-,-,0,Dd,1,62,1,339,-,,,benign,,,-
1540542161.68187,CbKPdL1kRUBBuLNN0a,192.168.1.132,38690,216.239.35.8,123,udp,-,0.016733,48,48,SF,-,-,0,Dd,1,76,1,76,-,,,benign,,,-
1540542368.79421,CImpu1u3qJS5HVQmj,192.168.1.132,50730,216.239.35.0,123,udp,-,0.109684,48,48,SF,-,-,0,Dd,1,76,1,76,-,,,benign,,,-
1540542681.00313,CW1wmv2r0Loxh6YGp7,192.168.1.132,43393,216.239.35.4,123,udp,-,0.114429,48,48,SF,-,-,0,Dd,1,76,1,76,-,,,benign,,,-
1540542742.17074,CAod5OQxw1MbEoy46,192.168.1.132,53711,2.16.60.82,443,tcp,-,0.011493,0,0,SF,-,-,0,ShAFf,4,172,2,92,-,,,benign,,,-
1540542742.11678,CJsyKa1XL2Ux5nODwb,192.168.1.132,47688,192.168.1.1,53,udp,dns,0.053468,34,311,SF,-,-,0,Dd,1,62,1,339,-,,,benign,,,-
1540543642.22596,CFUj8H2RXyrxhjL818,192.168.1.132,56719,2.16.60.139,443,tcp,-,0.011245,0,0,SF,-,-,0,ShAFf,4,172,2,92,-,,,benign,,,-
1540543642.17725,CzaaXL3JrVd6fuSvgk,192.168.1.132,34302,192.168.1.1,53,udp,dns,0.048213,34,311,SF,-,-,0,Dd,1,62,1,339,-,,,benign,,,-
1540543748.21878,CTKZLA38mRsd14hlZj,192.168.1.132,39011,216.239.35.12,123,udp,-,0.269581,48,48,SF,-,-,0,Dd,1,76,1,76,-,,,benign,,,-
1540544524.9951,Cuff7D4gDB3vXu5zJ7,192.168.1.132,57115,52.209.221.67,80,tcp,http,0.094196,1846,1539,SF,-,-,1539,ShADacfgF,7,2138,5,204,-,,,benign,,,-
1540544525.09255,C6qJIb1kVhPyNVKaOd,192.168.1.132,60713,52.215.95.120,80,tcp,http,0.121679,1846,791,SF,-,-,0,ShADadfF,6,2098,6,1035,-,,,benign,,,-
1540544524.79024,CDDopibtVomXeeQWl,192.168.1.132,52423,192.168.1.1,53,udp,dns,0.199885,37,179,SF,-,-,0,Dd,1,65,1,207,-,,,benign,,,-
1540544524.99061,C1vR222nevyC4BI7c,192.168.1.132,37599,192.168.1.1,53,udp,dns,0.003998,37,442,SF,-,-,0,Dd,1,65,1,470,-,,,benign,,,-
1540544525.09055,CIphCQ1uw8BJy3ZUu3,192.168.1.132,43998,192.168.1.1,53,udp,dns,0.000498,37,100,SF,-,-,0,Dd,1,65,1,128,-,,,benign,,,-
1540544525.09155,CHrdNgyBBZeYtls7,192.168.1.132,52105,192.168.1.1,53,udp,dns,0.00075,37,132,SF,-,-,0,Dd,1,65,1,160,-,,,benign,,,-
1540544542.44091,CBBXNf1LJuI7PKeIZd,192.168.1.132,56722,2.16.60.139,443,tcp,-,0.01149,0,0,SF,-,-,0,ShAFf,5,212,3,144,-,,,benign,,,-
1540544542.23355,CeAe2H1FHNkEh4X4Ff,192.168.1.132,35913,192.168.1.1,53,udp,dns,0.206879,34,297,SF,-,-,0,Dd,1,62,1,325,-,,,benign,,,-
1540545442.50757,CwGiKzs2HcuwRZjol,192.168.1.132,56723,2.16.60.139,443,tcp,-,0.011243,0,0,SF,-,-,0,ShAFf,4,172,2,92,-,,,benign,,,-
1540545442.44861,CDXZmf1t6N3mHMHyn1,192.168.1.132,49907,192.168.1.1,53,udp,dns,0.058472,34,297,SF,-,-,0,Dd,1,62,1,325,-,,,benign,,,-
1540545546.06227,CDVcih4IdsyCRO0e0g,192.168.1.132,60899,130.211.67.12,80,tcp,http,1.170584,860,182,SF,-,-,0,ShADadFf,7,1164,4,354,-,,,benign,,,-
1540545547.21911,CTFUS34mv0hiX64tAd,192.168.1.132,60900,130.211.67.12,80,tcp,http,0.155662,8823,182,SF,-,-,7363,ShADCaGdFf,6,1712,10,594,-,,,benign,,,-
1540545547.36128,CHLKig4WlcQKVwSpU2,192.168.1.132,60901,130.211.67.12,80,tcp,http,0.165407,2553,182,SF,-,-,0,ShADadFf,8,3978,5,406,-,,,benign,,,-
1540545545.84241,CSwMpG1OqK14Nvwaa1,192.168.1.132,38807,192.168.1.1,53,udp,dns,0.108433,41,116,SF,-,-,0,Dd,1,69,1,144,-,,,benign,,,-
1540545545.95158,CJK02KPCreq0L5UQ,192.168.1.132,44527,192.168.1.1,53,udp,dns,0.11019,41,124,SF,-,-,0,Dd,1,69,1,152,-,,,benign,,,-
1540545547.21712,C8OcnA3bWVLSt5dQbf,192.168.1.132,42057,192.168.1.1,53,udp,dns,0.000498,41,41,SF,-,-,0,Dd,1,69,1,69,-,,,benign,,,-
1540545547.21811,ClCyKu4VXQQSSobi8,192.168.1.132,58987,192.168.1.1,53,udp,dns,0.0005,41,57,SF,-,-,0,Dd,1,69,1,85,-,,,benign,,,-
1540545547.35878,CBkecA1Pj5ZgxAIAMi,192.168.1.132,39542,192.168.1.1,53,udp,dns,0.000499,41,41,SF,-,-,0,Dd,1,69,1,69,-,,,benign,,,-
1540545547.36003,CAPFKeshG8EgbN8,192.168.1.132,44238,192.168.1.1,53,udp,dns,0.000499,41,57,SF,-,-,0,Dd,1,69,1,85,-,,,benign,,,-
1540545547.5112,CJAuEI2q6uXpb8dyVf,192.168.1.132,35692,192.168.1.1,53,udp,dns,0.0005,41,41,SF,-,-,0,Dd,1,69,1,69,-,,,benign,,,-
1540545547.5122,CKjPF8kTl9dj2Djmk,192.168.1.132,55713,192.168.1.1,53,udp,dns,0.0005,41,57,SF,-,-,0,Dd,1,69,1,85,-,,,benign,,,-
1540545547.51319,C6t5I434aMQh46qNHh,192.168.1.132,60902,130.211.67.12,80,tcp,http,125.21436,910,182,RSTR,-,-,0,ShADadfr,7,1202,6,434,-,,,benign,,,-
1540546342.57353,CXE9W73ARSXvekc7zl,192.168.1.132,53721,2.16.60.82,443,tcp,-,0.011492,0,0,SF,-,-,0,ShAFf,4,172,2,92,-,,,benign,,,-
1540546342.51457,CLmNqS1wVzSMQE0Ci6,192.168.1.132,38092,192.168.1.1,53,udp,dns,0.058485,34,311,SF,-,-,0,Dd,1,62,1,339,-,,,benign,,,-
1540546435.58555,CRBVbs1mwnvbI8ZHjg,192.168.1.132,58805,216.239.35.8,123,udp,-,0.016969,48,48,SF,-,-,0,Dd,1,76,1,76,-,,,benign,,,-
1540546651.70212,C7eJcB3DaLYw7Knw09,192.168.1.132,55520,216.239.35.0,123,udp,-,0.109427,48,48,SF,-,-,0,Dd,1,76,1,76,-,,,benign,,,-
1540546960.91262,CDjRbg4l3sbCPrEpmh,192.168.1.132,35983,216.239.35.4,123,udp,-,0.11668,48,48,SF,-,-,0,Dd,1,76,1,76,-,,,benign,,,-
1540547242.64751,CaITg437HfJAXTXZ44,192.168.1.132,53722,2.16.60.82,443,tcp,-,0.011493,0,0,SF,-,-,0,ShAFf,4,172,2,92,-,,,benign,,,-
1540547242.5803,ChD10Y1fVGrFvMpD6g,192.168.1.132,43799,192.168.1.1,53,udp,dns,0.066709,34,297,SF,-,-,0,Dd,1,62,1,325,-,,,benign,,,-
1540547904.1304,Caxyou4MZpRXfDBG8h,192.168.1.132,51285,216.239.35.12,123,udp,-,0.270107,48,48,SF,-,-,0,Dd,1,76,1,76,-,,,benign,,,-
1540469198.47755,CkHQfG3B034MyvP3W,192.168.1.132,37653,104.155.18.91,443,tcp,-,78840.329305,25624,22995,OTH,-,-,0,AaDd,3291,157263,2667,129675,-,,,benign,,,-
1540477674.05409,ClZeN63S7LbgEs2ZNk,192.168.1.132,1900,239.255.255.250,1900,udp,-,70334.105742,2550936,0,S0,-,-,0,D,8124,2778408,0,0,-,,,benign,,,-
